# --------------------------------------------------------
# Host:                         127.0.0.1
# Server version:               5.5.9-log
# Server OS:                    Win32
# HeidiSQL version:             6.0.0.3603
# Date/time:                    2015-04-13 20:16:42
# --------------------------------------------------------

/*!40101 SET @OLD_CHARACTER_SET_CLIENT=@@CHARACTER_SET_CLIENT */;
/*!40101 SET NAMES utf8 */;
/*!40014 SET @OLD_FOREIGN_KEY_CHECKS=@@FOREIGN_KEY_CHECKS, FOREIGN_KEY_CHECKS=0 */;
/*!40101 SET @OLD_SQL_MODE=@@SQL_MODE, SQL_MODE='NO_AUTO_VALUE_ON_ZERO' */;

# Dumping database structure for characters_kargath
CREATE DATABASE IF NOT EXISTS `characters_kargath` /*!40100 DEFAULT CHARACTER SET latin1 */;
USE `characters_kargath`;


# Dumping structure for table characters_kargath.account_data
DROP TABLE IF EXISTS `account_data`;
CREATE TABLE IF NOT EXISTS `account_data` (
  `accountId` int(10) unsigned NOT NULL DEFAULT '0' COMMENT 'Account Identifier',
  `type` tinyint(3) unsigned NOT NULL DEFAULT '0',
  `time` int(10) unsigned NOT NULL DEFAULT '0',
  `data` blob NOT NULL,
  PRIMARY KEY (`accountId`,`type`)
) ENGINE=InnoDB DEFAULT CHARSET=utf8;

# Dumping data for table characters_kargath.account_data: ~9 rows (approximately)
DELETE FROM `account_data`;
/*!40000 ALTER TABLE `account_data` DISABLE KEYS */;
INSERT INTO `account_data` (`accountId`, `type`, `time`, `data`) VALUES
	(1, 0, 1428853778, _binary 0x53455420666C61676765645475746F7269616C732022760123234D23232523232623232423233723233A23235B23232923235C23232B23233623233523234B23235323235423235123234323235923232823234123234223233423233C220A534554206C6F636B416374696F6E42617273202230220A53455420556E69744E616D654F776E202231220A53455420556E69744E616D654E5043202231220A53455420556E69744E616D65456E656D79477561726469616E4E616D65202231220A53455420556E69744E616D65456E656D79546F74656D4E616D65202231220A53455420556E69744E616D65467269656E646C79477561726469616E4E616D65202231220A53455420556E69744E616D65467269656E646C79546F74656D4E616D65202231220A53455420666374436F6D6261745374617465202231220A53455420666374456E657267794761696E73202231220A53455420666374506572696F646963456E657267794761696E73202231220A53455420706C6179657253746174757354657874202231220A5345542070657453746174757354657874202231220A53455420706172747953746174757354657874202231220A5345542074617267657453746174757354657874202231220A5345542063616D65726144697374616E63654D6178466163746F72202232220A5345542073686F774974656D4C6576656C202231220A5345542074616C656E744672616D6553686F776E202231220A),
	(1, 2, 1428853779, _binary 0x42494E44494E474D4F444520300D0A62696E6420425554544F4E33204D554C5449414354494F4E42415232425554544F4E31310D0A62696E64205820414354494F4E425554544F4E370D0A62696E64205A20414354494F4E425554544F4E31300D0A62696E6420425554544F4E34204E4F4E450D0A62696E642044454C455445204E4F4E450D0A62696E64205220414354494F4E425554544F4E380D0A62696E642053484946542D52204D554C5449414354494F4E42415232425554544F4E340D0A62696E642037204E4F4E450D0A62696E642038204E4F4E450D0A62696E642039204E4F4E450D0A62696E642030204E4F4E450D0A62696E64202D204E4F4E450D0A62696E64203D204E4F4E450D0A62696E64204354524C2D4631204E4F4E450D0A62696E64204354524C2D4632204E4F4E450D0A62696E64204354524C2D4633204E4F4E450D0A62696E64204354524C2D4634204E4F4E450D0A62696E64204354524C2D4635204E4F4E450D0A62696E64204354524C2D4636204E4F4E450D0A62696E64204354524C2D4637204E4F4E450D0A62696E64204354524C2D31204D554C5449414354494F4E42415231425554544F4E370D0A62696E64204354524C2D32204D554C5449414354494F4E42415231425554544F4E380D0A62696E64204354524C2D332053484150455348494654425554544F4E340D0A62696E64204354524C2D34204D554C5449414354494F4E42415231425554544F4E31300D0A62696E64204354524C2D35204D554C5449414354494F4E42415231425554544F4E31310D0A62696E642053484946542D31204D554C5449414354494F4E42415231425554544F4E310D0A62696E642053484946542D32204D554C5449414354494F4E42415231425554544F4E320D0A62696E642053484946542D33204D554C5449414354494F4E42415231425554544F4E330D0A62696E642053484946542D34204D554C5449414354494F4E42415231425554544F4E340D0A62696E642053484946542D35204D554C5449414354494F4E42415231425554544F4E350D0A62696E642053484946542D36204D554C5449414354494F4E42415231425554544F4E360D0A62696E642053484946542D4D4F555345574845454C5550204D554C5449414354494F4E42415233425554544F4E310D0A62696E642053484946542D4D4F555345574845454C444F574E204D554C5449414354494F4E42415233425554544F4E320D0A62696E64204720414354494F4E425554544F4E31320D0A62696E64204620414354494F4E425554544F4E31310D0A62696E642056204D554C5449414354494F4E42415231425554544F4E31320D0A62696E64205420414354494F4E425554544F4E390D0A62696E642053484946542D54204D554C5449414354494F4E42415232425554544F4E330D0A62696E6420422053484150455348494654425554544F4E330D0A62696E642053484946542D422053484150455348494654425554544F4E310D0A62696E642045534341504520544F47474C4547414D454D454E550D0A62696E64204E554D504144504C55532043414D4552415A4F4F4D4F55540D0A62696E64204E554D5041444D494E55532043414D4552415A4F4F4D494E0D0A62696E64204D4F555345574845454C5550204D554C5449414354494F4E42415233425554544F4E330D0A62696E64204D4F555345574845454C444F574E204D554C5449414354494F4E42415233425554544F4E340D0A62696E64204354524C2D52204D554C5449414354494F4E42415232425554544F4E380D0A62696E64204354524C2D57204D554C5449414354494F4E42415232425554544F4E31320D0A62696E64204354524C2D45204D554C5449414354494F4E42415233425554544F4E31310D0A62696E64204354524C2D54204D554C5449414354494F4E42415232425554544F4E360D0A62696E642053484946542D47204D554C5449414354494F4E42415232425554544F4E320D0A62696E6420414C542D31204D554C5449414354494F4E42415234425554544F4E310D0A62696E6420414C542D32204D554C5449414354494F4E42415234425554544F4E320D0A62696E6420414C542D33204D554C5449414354494F4E42415234425554544F4E330D0A62696E6420414C542D34204D554C5449414354494F4E42415234425554544F4E340D0A62696E642053484946542D46204D554C5449414354494F4E42415232425554544F4E310D0A62696E64204354524C2D46204D554C5449414354494F4E42415232425554544F4E350D0A62696E64204354524C2D47204D554C5449414354494F4E42415232425554544F4E370D0A62696E642053484946542D51204D554C5449414354494F4E42415232425554544F4E390D0A62696E642053484946542D45204D554C5449414354494F4E42415232425554544F4E31300D0A62696E64204354524C2D425554544F4E33204D554C5449414354494F4E42415234425554544F4E380D0A62696E642053484946542D53204D554C5449414354494F4E42415234425554544F4E390D0A62696E642053484946542D57204D554C5449414354494F4E42415231425554544F4E390D0A62696E642053484946542D425554544F4E33204D554C5449414354494F4E42415234425554544F4E31300D0A62696E6420414C542D57204D554C5449414354494F4E42415233425554544F4E390D0A62696E6420425554544F4E35204E4F4E450D0A62696E642053484946542D425554544F4E35204D554C5449414354494F4E42415233425554544F4E380D0A62696E642053484946542D425554544F4E34204D554C5449414354494F4E42415233425554544F4E370D0A62696E6420414C542D3520434C49434B20425434427574746F6E34313A4C656674427574746F6E0D0A62696E6420414C542D425554544F4E352054464F4E444F574E0D0A62696E6420414C542D51204D554C5449414354494F4E42415234425554544F4E31310D0A62696E6420414C542D425554544F4E34205446544F47474C450D0A62696E6420414C542D4D20434152544F475241504845525F4F50454E414C5445524E4154454D41500D0A62696E642060204D554C5449414354494F4E42415234425554544F4E31320D0A62696E6420414C542D45204E4F4E450D0A62696E642053484946542D58204D554C5449414354494F4E42415233425554544F4E31320D0A62696E642053484946542D5A204E4F4E450D0A62696E6420414C542D4D4F555345574845454C5550204D554C5449414354494F4E42415233425554544F4E350D0A62696E6420414C542D4D4F555345574845454C444F574E204D554C5449414354494F4E42415233425554544F4E360D0A62696E6420414C542D4354524C2D5020544F47474C454650530D0A),
	(1, 4, 1428853780, _binary 0x4D4143524F2033302022202220494E565F4D6973635F5175657374696F6E4D61726B0D0A454E440D0A4D4143524F20323120222F666F726665697422204162696C6974795F43726561747572655F4375727365645F30350D0A2F74617267657420726176616765720D0A454E440D0A4D4143524F2035202241626F6C69736820506F69736F6E2220494E565F4D6973635F5175657374696F6E4D61726B0D0A2F63617374205B7461726765743D7061727479315D2061626F6C69736820706F69736F6E0D0A454E440D0A4D4143524F2031382022617270206765617222205370656C6C5F4E61747572655F4E6174757265477561726469616E0D0A2F74617267657420627567646576696C0D0A454E440D0A4D4143524F203134202263617420666F726D2220494E565F4D6973635F5175657374696F6E4D61726B0D0A2373686F772063617420666F726D0D0A2F65717569702049646F6C206F662074686520437279696E67204D6F6F6E0D0A2F636173742063617420666F726D0D0A454E440D0A4D4143524F203220224368617267652220494E565F4D6973635F5175657374696F6E4D61726B0D0A2F63617374205B6E6F7374616E63653A315D2064697265206265617220666F726D0D0A2F63617374205B7374616E63653A312C40666F6375735D20666572616C20636861726765202D20626561720D0A2F63617374205B7461726765743D666F6375735D20626173680D0A454E440D0A4D4143524F2032382022636861742220494E565F4D6973635F5175657374696F6E4D61726B0D0A2E6368617420596F75277265204C46207175616C69747920505650205265616C6D2077697468206672657175656E746C7920546F75726E616D656E74732C206576656E74732C20637573746F6D2050765020536561736F6E7320616E64206D6F72652C20636F6D6520616E6420636865636B2074686973206F6E653A20424154544C454152454E41532E4E4F2D49502E4F5247202D205472756C6C7920696E73616E6520707670207265616C6D207769746820637573746F6D20676561722C206275676C657373207076702C205472616E736D6F672C20537065637461746F7220616E6420726C79206D756368206D6F726521207B737461727D0D0A454E440D0A4D4143524F203320224379636C6F6E652220494E565F4D6973635F5175657374696F6E4D61726B0D0A2F63617374205B7461726765743D666F6375735D206379636C6F6E650D0A454E440D0A4D4143524F20323320226475656C22204162696C6974795F57617272696F725F496D70726F7665644469736369706C696E65730D0A2F6475656C0D0A454E440D0A4D4143524F203120224668696265726E6174652220494E565F4D6973635F5175657374696F6E4D61726B0D0A2F63617374205B7461726765743D666F6375735D2068696265726E6174650D0A454E440D0A4D4143524F20323220226669656E642220494E565F4D6973635F5175657374696F6E4D61726B0D0A2373686F77746F6F6C74697020536861646F776669656E640D0A2F6361737420536861646F776669656E640D0A2F706574616767726573736976650D0A2F70657461747461636B0D0A2F6361737420536861646F77637261776C0D0A454E440D0A4D4143524F20372022466F63757322205370656C6C5F4E61747572655F436861696E4C696768746E696E670D0A2F666F6375730D0A454E440D0A4D4143524F2032342022666F726665697422204162696C6974795F57617272696F725F4F6666656E736976655374616E63650D0A2F666F72666569740D0A454E440D0A4D4143524F2031372022667572792220494E565F4D6973635F5175657374696F6E4D61726B0D0A2373686F77746F6F6C746970205469676572277320667572790D0A2F63616E63656C61757261204265727365726B0D0A2F63617374205469676572277320467572790D0A2F63617374204665726F63696F757320426974650D0A454E440D0A4D4143524F203230202266775045542220494E565F4D6973635F5175657374696F6E4D61726B0D0A2373686F77746F6F6C746970206665617220776172640D0A2F63617374205B7461726765743D736861646F776669656E645D206665617220776172640D0A454E440D0A4D4143524F2032392022676172672220494E565F4D6973635F5175657374696F6E4D61726B0D0A2F63617374205B746172676574203D2045626F6E20476172676F796C655D206379636C6F6E650D0A454E440D0A4D4143524F2033352022676F70626C696E22204162696C6974795F4465766F75720D0A2E6D6F64206D6F7270682032303538320D0A454E440D0A4D4143524F203331202247505322204162696C6974795F44727569645F45636C697073650D0A2E6770730D0A454E440D0A4D4143524F203136202247726173702220494E565F4D6973635F5175657374696F6E4D61726B0D0A2F63617374206E617475726527732067726173700D0A2F63616E63656C61757261206E617475726527732067726173700D0A454E440D0A4D4143524F20313520224865782220494E565F4D6973635F5175657374696F6E4D61726B0D0A2F63617374205B7461726765743D7061727479315D2072656D6F76652063757273650D0A454E440D0A4D4143524F2032352022686F732220494E565F4D6973635F5175657374696F6E4D61726B0D0A2F63617374205B7461726765743D7061727479315D2068616E64206F66207361637269666963650D0A454E440D0A4D4143524F203332202268742220494E565F4D6973635F5175657374696F6E4D61726B0D0A2F63617374205B7461726765743D7061727479315D206865616C696E6720746F7563680D0A454E440D0A4D4143524F20362022696E6E6572766174652220494E565F4D6973635F5175657374696F6E4D61726B0D0A2F63617374205B7461726765743D7061727479315D20696E6E6572766174650D0A454E440D0A4D4143524F20313320226C696665626C6F6F6D2220494E565F4D6973635F5175657374696F6E4D61726B0D0A2373686F77206C696665626C6F6F6D0D0A2F657175697020577261746866756C20476C61646961746F7227732049646F6C206F662054656E61636974790D0A2F63617374206C696665626C6F6F6D0D0A454E440D0A4D4143524F20313120226D656C6422204162696C6974795F416D627573680D0A2F63616E63656C61757261206167696C650D0A2F63616E63656C61757261206265727365726B0D0A2F63616E63656C61757261206167696C697479206F6620746865207672796B756C0D0A2F63616E63656C6175726120737472656E677468206F6620746865207461756E6B61200D0A2F6361737420736861646F776D656C640D0A454E440D0A4D4143524F2039202270657461747461636B2220494E565F4D6973635F5175657374696F6E4D61726B0D0A2F746172676574656E656D79706C617965720D0A2F70657461747461636B0D0A454E440D0A4D4143524F2031322022706F756E63652220494E565F4D6973635F5175657374696F6E4D61726B0D0A2E64616D6167652036353030303030300D0A454E440D0A4D4143524F2033342022706F7765722220494E565F4D6973635F5175657374696F6E4D61726B0D0A2F63617374205B6E6F7374616E63655D20216D6F6F6E6B696E20666F726D0D0A2F63617374205B7374616E63653A315D202164697265206265617220666F726D0D0A2F63617374205B7374616E63653A335D202163617420666F726D0D0A2F63617374205B7374616E63653A345D202174726176656C20666F726D0D0A2F63617374205B7374616E63653A355D20216D6F6F6E6B696E20666F726D0D0A454E440D0A4D4143524F2033362022706F7765722220494E565F4D6973635F5175657374696F6E4D61726B0D0A2F63617374205B7461726765743D706C617965725D20706F77657220696E667573696F6E0D0A454E440D0A4D4143524F2031392022706F77657273686966742220494E565F4D6973635F5175657374696F6E4D61726B0D0A2373686F772063617420666F726D0D0A2F63617374205B6E6F7374616E63655D202163617420666F726D0D0A2F63617374205B7374616E63653A315D202164697265206265617220666F726D0D0A2F63617374205B7374616E63653A335D202163617420666F726D0D0A2F63617374205B7374616E63653A345D202174726176656C20666F726D0D0A454E440D0A4D4143524F20342022526F6F74732220494E565F4D6973635F5175657374696F6E4D61726B0D0A2F63617374205B7461726765743D666F6375735D20656E74616E676C696E6720726F6F74730D0A454E440D0A4D4143524F20323620227361637265642220494E565F4D6973635F5175657374696F6E4D61726B0D0A2F63617374205B7461726765743D7061727479315D2073616372656420736869656C640D0A454E440D0A4D4143524F203237202253747265616D22204162696C6974795F44727569645F45636C697073654F72616E67650D0A2F746172676574207061727479320D0A454E440D0A4D4143524F203333202274617267657422204162696C6974795F44727569645F45636C697073650D0A2F746172676574207061727479310D0A454E440D0A4D4143524F2038202274686F726E732220494E565F4D6973635F5175657374696F6E4D61726B0D0A2F63617374205B7461726765743D7061727479315D2074686F726E730D0A454E440D0A4D4143524F2031302022776172642220494E565F4D6973635F5175657374696F6E4D61726B0D0A2F63617374205B7461726765743D706C617965725D206665617220776172640D0A454E440D0A),
	(2, 0, 1428700118, _binary 0x534554206175746F4C6F6F7444656661756C74202231220A53455420666C61676765645475746F7269616C732022760123234D23233A23232523232623232423235A23233123233923234923234423233023234A23235623235B23232823232923232B23233323232A23233B23235C23234123234223235323233D23235923232E23232F23235D23234B23234323233623233523235423233F23233E23233723233423234623234023232C23234C23235823233823234F23235E23235723232D23235123235523234723234523234823235F220A5345542070726F66616E69747946696C746572202230220A53455420616C7761797353686F77416374696F6E42617273202231220A53455420556E69744E616D654F776E202231220A53455420556E69744E616D654E5043202231220A5345542063616D657261596177536D6F6F746853706565642022323730220A5345542063616D65726144697374616E63654D6178466163746F72202232220A53455420736572766963655479706546696C746572202235220A5345542074616C656E744672616D6553686F776E202231220A5345542061756374696F6E446973706C61794F6E436861726163746572202231220A5345542053686F77416C6C5370656C6C52616E6B73202230220A),
	(2, 2, 0, ''),
	(2, 4, 1428697354, _binary 0x4D4143524F203220223222205370656C6C5F5368616D616E5F456C656D656E74616C4F6174680D0A2E6920756E62696E6420616C6C0D0A454E440D0A4D4143524F203120223332313332312220494E565F4D6973635F5175657374696F6E4D61726B0D0A2E6E70632064656C0D0A454E440D0A),
	(3, 0, 1428700120, _binary 0x5345542073686F775461726765744F66546172676574202231220A53455420666C61676765645475746F7269616C732022760123234D23232523232623232423233A23234123234223233623235B23233723232923235C23235323235423235123234323234B23232B23233B23235A23233123233923234923234423233023234A232356232335232334232328220A5345542070726F66616E69747946696C746572202230220A534554206C6F636B416374696F6E42617273202230220A53455420556E69744E616D654F776E202231220A53455420556E69744E616D654E5043202231220A53455420666374456E657267794761696E73202231220A5345542063616D65726144697374616E63654D6178466163746F72202231220A5345542073686F774E657762696554697073202230220A5345542073686F774974656D4C6576656C202231220A5345542073686F775475746F7269616C73202230220A5345542074616C656E744672616D6553686F776E202231220A5345542074696D654D67725573654D696C697461727954696D65202231220A5345542053686F77416C6C5370656C6C52616E6B73202230220A),
	(3, 2, 1428697490, _binary 0x42494E44494E474D4F444520300D0A62696E6420425554544F4E33204D554C5449414354494F4E42415232425554544F4E310D0A62696E642058204D554C5449414354494F4E42415231425554544F4E31310D0A62696E64205A204D554C5449414354494F4E42415231425554544F4E31320D0A62696E642052204D554C5449414354494F4E42415231425554544F4E370D0A62696E642053484946542D52204D554C5449414354494F4E42415231425554544F4E380D0A62696E642053484946542D31204D554C5449414354494F4E42415231425554544F4E310D0A62696E642053484946542D32204D554C5449414354494F4E42415231425554544F4E320D0A62696E642053484946542D33204D554C5449414354494F4E42415231425554544F4E330D0A62696E642053484946542D34204D554C5449414354494F4E42415231425554544F4E340D0A62696E642046204D554C5449414354494F4E42415231425554544F4E390D0A62696E64204320544F47474C45434841524143544552300D0A62696E642053484946542D51204D554C5449414354494F4E42415231425554544F4E350D0A62696E642053484946542D45204D554C5449414354494F4E42415231425554544F4E360D0A62696E642053484946542D46204D554C5449414354494F4E42415231425554544F4E31300D0A),
	(3, 4, 1428697491, _binary 0x4D4143524F2033322022425546465322205370656C6C5F417263616E655F4D616E615461700D0A2F7920425546462044454C4956455259210D0A2F636173742053776966742057696E640D0A2F63617374205141204465627567202B313930204D50350D0A2F636173742043656C65627261746520476F6F642054696D6573210D0A2F6361737420456C756E65277320426C657373696E670D0A2F636173742048656C6C73637265616D277320576172736F6E670D0A2F6361737420537069726974206F66205A616E64616C61720D0A454E440D0A4D4143524F2031332022436F6D62617422205370656C6C5F486F6C795F4D696E64566973696F6E0D0A2F67202E636F6D62617473746F700D0A454E440D0A4D4143524F2031342022436F6F6C646F776E22205370656C6C5F486F6C795F426F72726F77656454696D650D0A2F67202E636F6F6C646F776E0D0A454E440D0A4D4143524F203235202244616C6172616E22205370656C6C5F417263616E655F54656C65706F727453696C7665726D6F6F6E0D0A2F67202E74656C652064616C6172616E0D0A454E440D0A4D4143524F20323720224461726E22205370656C6C5F417263616E655F54656C65706F727453696C7665726D6F6F6E0D0A2F67202E74656C65206461726E61737375730D0A454E440D0A4D4143524F20322022446561746822205370656C6C5F536861646F775F44656D6F6E6963466F727469747564650D0A2F67202E6469650D0A454E440D0A4D4143524F203135202244656D6F72706822205370656C6C5F486F6C795F417572614D6173746572790D0A2F67202E64656D6F7270680D0A454E440D0A4D4143524F2032392022444D4722204162696C6974795F4261636B537461620D0A2F67202E64616D616765203130303030300D0A2F67202E64616D616765203130303030300D0A2F67202E64616D616765203130303030300D0A2F67202E64616D616765203130303030300D0A2F67202E64616D616765203130303030300D0A2F67202E64616D616765203130303030300D0A2F67202E64616D616765203130303030300D0A2F67202E64616D616765203130303030300D0A2F67202E64616D616765203130303030300D0A2F67202E64616D616765203130303030300D0A454E440D0A4D4143524F203238202245786F64617222205370656C6C5F417263616E655F54656C65706F727453696C7665726D6F6F6E0D0A2F67202E74656C652065786F6461720D0A454E440D0A4D4143524F20382022466C7922205370656C6C5F486F6C795F477561726469616E5370697269740D0A2F67202E676D20666C79206F6E0D0A454E440D0A4D4143524F20392022466C792D6F666622205370656C6C5F486F6C795F426C65737365645265636F766572790D0A2F67202E676D20666C79206F66660D0A454E440D0A4D4143524F2032342022494622205370656C6C5F417263616E655F54656C65706F727453696C7665726D6F6F6E0D0A2F67202E74656C652069726F6E666F7267650D0A454E440D0A4D4143524F20313620224D6F7270683122204162696C6974795F4D6167655F4C6976696E67426F6D620D0A2F67202E6D6F7270682032333232340D0A454E440D0A4D4143524F20333020224D6F7270683222204162696C6974795F43726561747572655F4375727365645F30330D0A2F67202E6D6F7270682032323533320D0A454E440D0A4D4143524F20333120224D6F7270683322205370656C6C5F4E61747572655F456E6368616E7441726D6F720D0A2F67202E6D6F7270682032333735340D0A454E440D0A4D4143524F20343120224D6F727068686822204162696C6974795F43726561747572655F446973656173655F30340D0A2F67202E6D6F72706820323032330D0A454E440D0A4D4143524F20313120224E6F646D6722204162696C6974795F57617272696F725F446566656E736976655374616E63650D0A2F67202E636865617420676F640D0A454E440D0A4D4143524F20372022526567756C617222205370656C6C5F4E61747572655F496E7669736962696C74790D0A2F67202E6D6F64696679207363616C6520310D0A454E440D0A4D4143524F20352022526567756C617222204162696C6974795F526F6775655F547269700D0A2F67202E6D6F6469667920737065656420310D0A454E440D0A4D4143524F203338202252454C4F41442220494E565F4D6973635F5175657374696F6E4D61726B0D0A2F67202E72656C6F6164207370656C6C5F626F6E75735F646174610D0A454E440D0A4D4143524F203337202252455041495222204162696C6974795F43726561747572655F446973656173655F30330D0A2F67202E7265706169726974656D730D0A454E440D0A4D4143524F2033202252657669766522205370656C6C5F536861646F775F416E696D617465446561640D0A2F67202E7265766976650D0A454E440D0A4D4143524F203620225363616C6522204162696C6974795F57617272696F725F52616D706167650D0A2F67202E6D6F64696679207363616C6520330D0A454E440D0A4D4143524F2033352022536574203722204162696C6974795F43726561747572655F4375727365645F30340D0A2F67202E6D6F7270682032383139310D0A454E440D0A4D4143524F20313820225365743122205370656C6C5F4E61747572655F4D61737354656C65706F72740D0A2F67202E6D6F7270682033313033300D0A454E440D0A4D4143524F20313720225365743222205370656C6C5F4E61747572655F4D61737354656C65706F72740D0A2F67202E6D6F7270682033313032390D0A454E440D0A4D4143524F20313920225365743322205370656C6C5F4E61747572655F4D61737354656C65706F72740D0A2F67202E6D6F7270682033303336300D0A454E440D0A4D4143524F20323020225365743422205370656C6C5F4E61747572655F4D61737354656C65706F72740D0A2F67202E6D6F7270682032393832390D0A454E440D0A4D4143524F20323120225365743522205370656C6C5F4E61747572655F4D61737354656C65706F72740D0A2F67202E6D6F7270682032393835350D0A454E440D0A4D4143524F20323220225365743622205370656C6C5F4E61747572655F4D61737354656C65706F72740D0A2F67202E6D6F7270682032393838310D0A454E440D0A4D4143524F2032362022536861747422205370656C6C5F417263616E655F54656C65706F727453696C7665726D6F6F6E0D0A2F67202E74656C65207368617474726174680D0A454E440D0A4D4143524F20342022537065656422204162696C6974795F57617272696F725F566963746F7279527573680D0A2F67202E6D6F6469667920737065656420350D0A454E440D0A4D4143524F203130202253756D6D6F6E22205370656C6C5F417263616E655F506F7274616C49726F6E466F7267650D0A2F67202E67726F757073756D6D6F6E205B4E414D455D0D0A454E440D0A4D4143524F2032332022535722205370656C6C5F417263616E655F54656C65706F727453696C7665726D6F6F6E0D0A2F67202E74656C652073746F726D77696E640D0A454E440D0A4D4143524F2031322022556E6175726122205370656C6C5F486F6C795F52656E65770D0A2F67202E756E6175726120616C6C0D0A454E440D0A);
/*!40000 ALTER TABLE `account_data` ENABLE KEYS */;


# Dumping structure for table characters_kargath.account_instance_times
DROP TABLE IF EXISTS `account_instance_times`;
CREATE TABLE IF NOT EXISTS `account_instance_times` (
  `accountId` int(10) unsigned NOT NULL,
  `instanceId` int(10) unsigned NOT NULL DEFAULT '0',
  `releaseTime` bigint(20) unsigned NOT NULL DEFAULT '0',
  PRIMARY KEY (`accountId`,`instanceId`)
) ENGINE=InnoDB DEFAULT CHARSET=utf8;

# Dumping data for table characters_kargath.account_instance_times: ~4 rows (approximately)
DELETE FROM `account_instance_times`;
/*!40000 ALTER TABLE `account_instance_times` DISABLE KEYS */;
INSERT INTO `account_instance_times` (`accountId`, `instanceId`, `releaseTime`) VALUES
	(1, 1, 1428702393),
	(2, 1, 1428702369),
	(2, 2, 1428704686),
	(3, 1, 1428702386);
/*!40000 ALTER TABLE `account_instance_times` ENABLE KEYS */;


# Dumping structure for table characters_kargath.account_tutorial
DROP TABLE IF EXISTS `account_tutorial`;
CREATE TABLE IF NOT EXISTS `account_tutorial` (
  `accountId` int(10) unsigned NOT NULL DEFAULT '0' COMMENT 'Account Identifier',
  `tut0` int(10) unsigned NOT NULL DEFAULT '0',
  `tut1` int(10) unsigned NOT NULL DEFAULT '0',
  `tut2` int(10) unsigned NOT NULL DEFAULT '0',
  `tut3` int(10) unsigned NOT NULL DEFAULT '0',
  `tut4` int(10) unsigned NOT NULL DEFAULT '0',
  `tut5` int(10) unsigned NOT NULL DEFAULT '0',
  `tut6` int(10) unsigned NOT NULL DEFAULT '0',
  `tut7` int(10) unsigned NOT NULL DEFAULT '0',
  PRIMARY KEY (`accountId`)
) ENGINE=InnoDB DEFAULT CHARSET=utf8;

# Dumping data for table characters_kargath.account_tutorial: ~3 rows (approximately)
DELETE FROM `account_tutorial`;
/*!40000 ALTER TABLE `account_tutorial` DISABLE KEYS */;
INSERT INTO `account_tutorial` (`accountId`, `tut0`, `tut1`, `tut2`, `tut3`, `tut4`, `tut5`, `tut6`, `tut7`) VALUES
	(1, 3780051127, 27370112, 0, 0, 0, 0, 0, 0),
	(2, 3788472759, 226603648, 0, 0, 0, 0, 0, 0),
	(3, 3773771959, 29729505, 0, 0, 0, 0, 0, 0);
/*!40000 ALTER TABLE `account_tutorial` ENABLE KEYS */;


# Dumping structure for table characters_kargath.addons
DROP TABLE IF EXISTS `addons`;
CREATE TABLE IF NOT EXISTS `addons` (
  `name` varchar(120) NOT NULL DEFAULT '',
  `crc` int(10) unsigned NOT NULL DEFAULT '0',
  PRIMARY KEY (`name`)
) ENGINE=InnoDB DEFAULT CHARSET=utf8 COMMENT='Addons';

# Dumping data for table characters_kargath.addons: ~23 rows (approximately)
DELETE FROM `addons`;
/*!40000 ALTER TABLE `addons` DISABLE KEYS */;
INSERT INTO `addons` (`name`, `crc`) VALUES
	('Blizzard_AchievementUI', 1276933997),
	('Blizzard_ArenaUI', 1276933997),
	('Blizzard_AuctionUI', 1276933997),
	('Blizzard_BarbershopUI', 1276933997),
	('Blizzard_BattlefieldMinimap', 1276933997),
	('Blizzard_BindingUI', 1276933997),
	('Blizzard_Calendar', 1276933997),
	('Blizzard_CombatLog', 1276933997),
	('Blizzard_CombatText', 1276933997),
	('Blizzard_DebugTools', 1276933997),
	('Blizzard_GlyphUI', 1276933997),
	('Blizzard_GMChatUI', 1276933997),
	('Blizzard_GMSurveyUI', 1276933997),
	('Blizzard_GuildBankUI', 1276933997),
	('Blizzard_InspectUI', 1276933997),
	('Blizzard_ItemSocketingUI', 1276933997),
	('Blizzard_MacroUI', 1276933997),
	('Blizzard_RaidUI', 1276933997),
	('Blizzard_TalentUI', 1276933997),
	('Blizzard_TimeManager', 1276933997),
	('Blizzard_TokenUI', 1276933997),
	('Blizzard_TradeSkillUI', 1276933997),
	('Blizzard_TrainerUI', 1276933997);
/*!40000 ALTER TABLE `addons` ENABLE KEYS */;


# Dumping structure for table characters_kargath.arena_team
DROP TABLE IF EXISTS `arena_team`;
CREATE TABLE IF NOT EXISTS `arena_team` (
  `arenaTeamId` int(10) unsigned NOT NULL DEFAULT '0',
  `name` varchar(24) NOT NULL,
  `captainGuid` int(10) unsigned NOT NULL DEFAULT '0',
  `type` tinyint(3) unsigned NOT NULL DEFAULT '0',
  `rating` smallint(5) unsigned NOT NULL DEFAULT '0',
  `seasonGames` smallint(5) unsigned NOT NULL DEFAULT '0',
  `seasonWins` smallint(5) unsigned NOT NULL DEFAULT '0',
  `weekGames` smallint(5) unsigned NOT NULL DEFAULT '0',
  `weekWins` smallint(5) unsigned NOT NULL DEFAULT '0',
  `rank` int(10) unsigned NOT NULL DEFAULT '0',
  `backgroundColor` int(10) unsigned NOT NULL DEFAULT '0',
  `emblemStyle` tinyint(3) unsigned NOT NULL DEFAULT '0',
  `emblemColor` int(10) unsigned NOT NULL DEFAULT '0',
  `borderStyle` tinyint(3) unsigned NOT NULL DEFAULT '0',
  `borderColor` int(10) unsigned NOT NULL DEFAULT '0',
  PRIMARY KEY (`arenaTeamId`)
) ENGINE=InnoDB DEFAULT CHARSET=utf8;

# Dumping data for table characters_kargath.arena_team: ~3 rows (approximately)
DELETE FROM `arena_team`;
/*!40000 ALTER TABLE `arena_team` DISABLE KEYS */;
INSERT INTO `arena_team` (`arenaTeamId`, `name`, `captainGuid`, `type`, `rating`, `seasonGames`, `seasonWins`, `weekGames`, `weekWins`, `rank`, `backgroundColor`, `emblemStyle`, `emblemColor`, `borderStyle`, `borderColor`) VALUES
	(1, 'Saelyia', 2, 1, 1500, 0, 0, 0, 0, 0, 4283124816, 45, 4294242303, 5, 4294705149),
	(2, 'Natureknight', 1, 1, 1488, 1, 0, 0, 0, 3, 4283124816, 45, 4294242303, 5, 4294705149),
	(3, 'Rage', 3, 1, 1512, 1, 1, 0, 0, 1, 4283124816, 45, 4294242303, 5, 4294705149);
/*!40000 ALTER TABLE `arena_team` ENABLE KEYS */;


# Dumping structure for table characters_kargath.arena_team_member
DROP TABLE IF EXISTS `arena_team_member`;
CREATE TABLE IF NOT EXISTS `arena_team_member` (
  `arenaTeamId` int(10) unsigned NOT NULL DEFAULT '0',
  `guid` int(10) unsigned NOT NULL DEFAULT '0',
  `weekGames` smallint(5) unsigned NOT NULL DEFAULT '0',
  `weekWins` smallint(5) unsigned NOT NULL DEFAULT '0',
  `seasonGames` smallint(5) unsigned NOT NULL DEFAULT '0',
  `seasonWins` smallint(5) unsigned NOT NULL DEFAULT '0',
  `personalRating` smallint(5) unsigned NOT NULL DEFAULT '0',
  PRIMARY KEY (`arenaTeamId`,`guid`)
) ENGINE=InnoDB DEFAULT CHARSET=utf8;

# Dumping data for table characters_kargath.arena_team_member: ~3 rows (approximately)
DELETE FROM `arena_team_member`;
/*!40000 ALTER TABLE `arena_team_member` DISABLE KEYS */;
INSERT INTO `arena_team_member` (`arenaTeamId`, `guid`, `weekGames`, `weekWins`, `seasonGames`, `seasonWins`, `personalRating`) VALUES
	(1, 2, 0, 0, 0, 0, 0),
	(2, 1, 0, 0, 1, 0, 1488),
	(3, 3, 0, 0, 1, 1, 1512);
/*!40000 ALTER TABLE `arena_team_member` ENABLE KEYS */;


# Dumping structure for table characters_kargath.auctionhouse
DROP TABLE IF EXISTS `auctionhouse`;
CREATE TABLE IF NOT EXISTS `auctionhouse` (
  `id` int(10) unsigned NOT NULL DEFAULT '0',
  `auctioneerguid` int(10) unsigned NOT NULL DEFAULT '0',
  `itemguid` int(10) unsigned NOT NULL DEFAULT '0',
  `itemowner` int(10) unsigned NOT NULL DEFAULT '0',
  `buyoutprice` int(10) unsigned NOT NULL DEFAULT '0',
  `time` int(10) unsigned NOT NULL DEFAULT '0',
  `buyguid` int(10) unsigned NOT NULL DEFAULT '0',
  `lastbid` int(10) unsigned NOT NULL DEFAULT '0',
  `startbid` int(10) unsigned NOT NULL DEFAULT '0',
  `deposit` int(10) unsigned NOT NULL DEFAULT '0',
  PRIMARY KEY (`id`),
  UNIQUE KEY `item_guid` (`itemguid`)
) ENGINE=InnoDB DEFAULT CHARSET=utf8;

# Dumping data for table characters_kargath.auctionhouse: ~0 rows (approximately)
DELETE FROM `auctionhouse`;
/*!40000 ALTER TABLE `auctionhouse` DISABLE KEYS */;
/*!40000 ALTER TABLE `auctionhouse` ENABLE KEYS */;


# Dumping structure for table characters_kargath.bugreport
DROP TABLE IF EXISTS `bugreport`;
CREATE TABLE IF NOT EXISTS `bugreport` (
  `id` int(10) unsigned NOT NULL AUTO_INCREMENT COMMENT 'Identifier',
  `type` longtext NOT NULL,
  `content` longtext NOT NULL,
  PRIMARY KEY (`id`)
) ENGINE=InnoDB DEFAULT CHARSET=utf8 COMMENT='Debug System';

# Dumping data for table characters_kargath.bugreport: ~0 rows (approximately)
DELETE FROM `bugreport`;
/*!40000 ALTER TABLE `bugreport` DISABLE KEYS */;
/*!40000 ALTER TABLE `bugreport` ENABLE KEYS */;


# Dumping structure for table characters_kargath.channels
DROP TABLE IF EXISTS `channels`;
CREATE TABLE IF NOT EXISTS `channels` (
  `name` varchar(128) NOT NULL,
  `team` int(10) unsigned NOT NULL,
  `announce` tinyint(3) unsigned NOT NULL DEFAULT '1',
  `ownership` tinyint(3) unsigned NOT NULL DEFAULT '1',
  `password` varchar(32) DEFAULT NULL,
  `bannedList` text,
  `lastUsed` int(10) unsigned NOT NULL,
  PRIMARY KEY (`name`,`team`)
) ENGINE=InnoDB DEFAULT CHARSET=utf8 COMMENT='Channel System';

# Dumping data for table characters_kargath.channels: ~0 rows (approximately)
DELETE FROM `channels`;
/*!40000 ALTER TABLE `channels` DISABLE KEYS */;
/*!40000 ALTER TABLE `channels` ENABLE KEYS */;


# Dumping structure for table characters_kargath.characters
DROP TABLE IF EXISTS `characters`;
CREATE TABLE IF NOT EXISTS `characters` (
  `guid` int(10) unsigned NOT NULL DEFAULT '0' COMMENT 'Global Unique Identifier',
  `account` int(10) unsigned NOT NULL DEFAULT '0' COMMENT 'Account Identifier',
  `name` varchar(12) NOT NULL DEFAULT '',
  `race` tinyint(3) unsigned NOT NULL DEFAULT '0',
  `class` tinyint(3) unsigned NOT NULL DEFAULT '0',
  `gender` tinyint(3) unsigned NOT NULL DEFAULT '0',
  `level` tinyint(3) unsigned NOT NULL DEFAULT '0',
  `xp` int(10) unsigned NOT NULL DEFAULT '0',
  `money` int(10) unsigned NOT NULL DEFAULT '0',
  `playerBytes` int(10) unsigned NOT NULL DEFAULT '0',
  `playerBytes2` int(10) unsigned NOT NULL DEFAULT '0',
  `playerFlags` int(10) unsigned NOT NULL DEFAULT '0',
  `position_x` float NOT NULL DEFAULT '0',
  `position_y` float NOT NULL DEFAULT '0',
  `position_z` float NOT NULL DEFAULT '0',
  `map` smallint(5) unsigned NOT NULL DEFAULT '0' COMMENT 'Map Identifier',
  `instance_id` int(10) unsigned NOT NULL DEFAULT '0',
  `instance_mode_mask` tinyint(3) unsigned NOT NULL DEFAULT '0',
  `orientation` float NOT NULL DEFAULT '0',
  `taximask` text NOT NULL,
  `online` tinyint(3) unsigned NOT NULL DEFAULT '0',
  `cinematic` tinyint(3) unsigned NOT NULL DEFAULT '0',
  `totaltime` int(10) unsigned NOT NULL DEFAULT '0',
  `leveltime` int(10) unsigned NOT NULL DEFAULT '0',
  `logout_time` int(10) unsigned NOT NULL DEFAULT '0',
  `is_logout_resting` tinyint(3) unsigned NOT NULL DEFAULT '0',
  `rest_bonus` float NOT NULL DEFAULT '0',
  `resettalents_cost` int(10) unsigned NOT NULL DEFAULT '0',
  `resettalents_time` int(10) unsigned NOT NULL DEFAULT '0',
  `trans_x` float NOT NULL DEFAULT '0',
  `trans_y` float NOT NULL DEFAULT '0',
  `trans_z` float NOT NULL DEFAULT '0',
  `trans_o` float NOT NULL DEFAULT '0',
  `transguid` mediumint(8) unsigned NOT NULL DEFAULT '0',
  `extra_flags` smallint(5) unsigned NOT NULL DEFAULT '0',
  `stable_slots` tinyint(3) unsigned NOT NULL DEFAULT '0',
  `at_login` smallint(5) unsigned NOT NULL DEFAULT '0',
  `zone` smallint(5) unsigned NOT NULL DEFAULT '0',
  `death_expire_time` int(10) unsigned NOT NULL DEFAULT '0',
  `taxi_path` text,
  `arenaPoints` int(10) unsigned NOT NULL DEFAULT '0',
  `totalHonorPoints` int(10) unsigned NOT NULL DEFAULT '0',
  `todayHonorPoints` int(10) unsigned NOT NULL DEFAULT '0',
  `yesterdayHonorPoints` int(10) unsigned NOT NULL DEFAULT '0',
  `totalKills` int(10) unsigned NOT NULL DEFAULT '0',
  `todayKills` smallint(5) unsigned NOT NULL DEFAULT '0',
  `yesterdayKills` smallint(5) unsigned NOT NULL DEFAULT '0',
  `chosenTitle` int(10) unsigned NOT NULL DEFAULT '0',
  `knownCurrencies` bigint(20) unsigned NOT NULL DEFAULT '0',
  `watchedFaction` int(10) unsigned NOT NULL DEFAULT '0',
  `drunk` smallint(5) unsigned NOT NULL DEFAULT '0',
  `health` int(10) unsigned NOT NULL DEFAULT '0',
  `power1` int(10) unsigned NOT NULL DEFAULT '0',
  `power2` int(10) unsigned NOT NULL DEFAULT '0',
  `power3` int(10) unsigned NOT NULL DEFAULT '0',
  `power4` int(10) unsigned NOT NULL DEFAULT '0',
  `power5` int(10) unsigned NOT NULL DEFAULT '0',
  `power6` int(10) unsigned NOT NULL DEFAULT '0',
  `power7` int(10) unsigned NOT NULL DEFAULT '0',
  `latency` mediumint(8) unsigned NOT NULL DEFAULT '0',
  `speccount` tinyint(3) unsigned NOT NULL DEFAULT '1',
  `activespec` tinyint(3) unsigned NOT NULL DEFAULT '0',
  `exploredZones` longtext,
  `equipmentCache` longtext,
  `ammoId` int(10) unsigned NOT NULL DEFAULT '0',
  `knownTitles` longtext,
  `actionBars` tinyint(3) unsigned NOT NULL DEFAULT '0',
  `grantableLevels` tinyint(3) unsigned NOT NULL DEFAULT '0',
  `deleteInfos_Account` int(10) unsigned DEFAULT NULL,
  `deleteInfos_Name` varchar(12) DEFAULT NULL,
  `deleteDate` int(10) unsigned DEFAULT NULL,
  PRIMARY KEY (`guid`),
  KEY `idx_account` (`account`),
  KEY `idx_online` (`online`),
  KEY `idx_name` (`name`)
) ENGINE=InnoDB DEFAULT CHARSET=utf8 COMMENT='Player System';

# Dumping data for table characters_kargath.characters: ~3 rows (approximately)
DELETE FROM `characters`;
/*!40000 ALTER TABLE `characters` DISABLE KEYS */;
INSERT INTO `characters` (`guid`, `account`, `name`, `race`, `class`, `gender`, `level`, `xp`, `money`, `playerBytes`, `playerBytes2`, `playerFlags`, `position_x`, `position_y`, `position_z`, `map`, `instance_id`, `instance_mode_mask`, `orientation`, `taximask`, `online`, `cinematic`, `totaltime`, `leveltime`, `logout_time`, `is_logout_resting`, `rest_bonus`, `resettalents_cost`, `resettalents_time`, `trans_x`, `trans_y`, `trans_z`, `trans_o`, `transguid`, `extra_flags`, `stable_slots`, `at_login`, `zone`, `death_expire_time`, `taxi_path`, `arenaPoints`, `totalHonorPoints`, `todayHonorPoints`, `yesterdayHonorPoints`, `totalKills`, `todayKills`, `yesterdayKills`, `chosenTitle`, `knownCurrencies`, `watchedFaction`, `drunk`, `health`, `power1`, `power2`, `power3`, `power4`, `power5`, `power6`, `power7`, `latency`, `speccount`, `activespec`, `exploredZones`, `equipmentCache`, `ammoId`, `knownTitles`, `actionBars`, `grantableLevels`, `deleteInfos_Account`, `deleteInfos_Name`, `deleteDate`) VALUES
	(1, 1, 'Natureknight', 4, 11, 1, 80, 0, 908989411, 83953416, 33554436, 265728, -13257.2, 160.028, 36.1177, 0, 0, 0, 4.27577, '100663296 0 0 8 0 0 1048576 0 0 0 0 0 0 0 ', 0, 1, 4297, 4297, 1428853805, 0, 0, 0, 0, 0, 0, 0, 0, 0, 4, 0, 0, 33, 0, '', 0, 124, 124, 0, 2, 0, 0, 0, 16781312, 4294967295, 0, 30951, 8119, 0, 0, 100, 0, 0, 0, 0, 1, 0, '0 64 0 0 0 0 0 0 0 0 0 0 0 0 0 0 0 0 0 0 0 65536 0 16 0 0 0 1024 0 0 0 0 0 0 67108864 524288 0 0 0 0 0 0 0 0 0 0 0 0 0 65536 8 0 0 18841600 0 0 0 0 0 0 0 0 0 0 0 0 0 0 0 0 0 0 0 8192 0 0 0 0 0 268435456 0 0 0 0 0 0 0 0 0 0 0 0 0 0 0 0 0 0 0 0 0 0 0 0 0 0 0 0 0 0 0 0 0 0 0 0 0 0 0 0 0 0 0 0 0 0 0 0 ', '51427 3795 51353 0 51430 3793 52019 0 51425 3245 50067 0 51428 3853 51856 983 50333 3845 51426 3234 47934 0 50186 0 50362 0 51377 0 51356 3243 51431 3827 0 0 47668 0 49086 0 23162 0 23162 0 23162 0 23162 0 ', 0, '0 0 0 0 0 0 ', 0, 0, NULL, NULL, NULL),
	(2, 2, 'Saelyia', 4, 3, 1, 80, 0, 913054311, 117639170, 33554432, 3072, -13253.5, 155.134, 35.5666, 0, 0, 0, 0.587946, '100663296 0 0 8 0 0 1048576 0 0 0 0 0 0 0 ', 0, 1, 4086, 4086, 1428701604, 0, 0, 0, 0, 0, 0, 0, 0, 0, 4, 0, 0, 33, 0, '', 0, 248, 248, 0, 0, 0, 0, 0, 4096, 4294967295, 0, 27337, 17666, 0, 0, 100, 0, 0, 0, 311, 1, 0, '0 0 0 0 0 16 0 0 0 0 0 2048 0 0 0 0 0 0 0 0 0 65536 0 16 0 0 0 1024 0 0 0 0 98306 0 0 537395200 0 0 0 0 0 0 0 0 0 0 0 0 0 33554432 8 0 0 163840 0 2147483648 4196352 0 16 512 0 0 0 0 0 0 0 2048 0 0 0 0 0 8192 0 0 0 0 16 285245440 0 0 262144 4194304 0 0 0 0 0 0 0 0 0 67108864 0 0 0 0 0 0 0 0 0 0 0 0 0 0 0 0 0 0 0 0 0 0 0 0 0 0 0 0 0 0 0 0 0 0 ', '51877 3795 50452 0 51462 3793 148 0 51458 3245 50993 0 51461 3823 51818 1597 51352 3845 51459 1603 50186 0 49949 0 50343 0 51377 0 49998 1099 51388 3789 0 0 51449 0 43349 0 2101 0 23162 0 23162 0 23162 0 ', 0, '0 0 0 0 0 0 ', 0, 0, NULL, NULL, NULL),
	(3, 3, 'Rage', 1, 1, 0, 80, 0, 979389311, 67634441, 33554439, 34, -8845, 615.052, 92.9883, 0, 0, 0, 2.81094, '2 0 0 8 0 0 1048576 0 0 0 0 0 0 0 ', 0, 1, 3340, 2279, 1428701604, 1, 0, 0, 0, 0, 0, 0, 0, 0, 4, 0, 0, 1519, 0, '', 0, 0, 0, 0, 0, 0, 0, 0, 64, 4294967295, 0, 33111, 0, 0, 0, 100, 0, 0, 0, 82, 1, 0, '0 0 0 0 0 0 0 0 0 0 0 0 0 0 0 0 0 0 0 0 0 65536 0 0 0 0 0 0 0 0 0 0 2147581954 0 0 524288 0 0 0 0 0 0 0 0 0 0 0 0 0 65536 8 0 0 163840 0 0 0 0 0 0 0 0 0 0 0 0 0 0 0 0 0 0 0 8192 0 0 0 0 0 285212672 0 0 0 0 0 0 0 0 0 0 0 0 0 0 0 0 0 0 0 0 0 0 0 0 0 0 0 0 0 0 0 0 0 0 0 0 0 0 0 0 0 0 0 0 0 0 0 0 ', '51543 3842 51822 0 51545 3852 6125 0 51541 3245 51879 0 51544 3853 49983 3232 50002 3845 51542 1603 50186 0 50414 0 50343 0 47131 0 50470 1099 51388 3789 0 0 0 0 11364 0 23162 0 23162 0 23162 0 23162 0 ', 0, '0 0 0 0 0 0 ', 0, 0, NULL, NULL, NULL);
/*!40000 ALTER TABLE `characters` ENABLE KEYS */;


# Dumping structure for table characters_kargath.character_account_data
DROP TABLE IF EXISTS `character_account_data`;
CREATE TABLE IF NOT EXISTS `character_account_data` (
  `guid` int(10) unsigned NOT NULL DEFAULT '0',
  `type` tinyint(3) unsigned NOT NULL DEFAULT '0',
  `time` int(10) unsigned NOT NULL DEFAULT '0',
  `data` blob NOT NULL,
  PRIMARY KEY (`guid`,`type`)
) ENGINE=InnoDB DEFAULT CHARSET=utf8;

# Dumping data for table characters_kargath.character_account_data: ~6 rows (approximately)
DELETE FROM `character_account_data`;
/*!40000 ALTER TABLE `character_account_data` DISABLE KEYS */;
INSERT INTO `character_account_data` (`guid`, `type`, `time`, `data`) VALUES
	(1, 1, 1428853787, _binary 0x5345542071756573744C6F67436F6C6C6170736546696C74657220222D31220A53455420747261636B656451756573747320227601220A53455420747261636B6564416368696576656D656E747320227601220A5345542063616D657261536176656444697374616E6365202231322E353437313937220A5345542063616D65726153617665645069746368202232352E353030303131220A534554206E616D65706C61746553686F77456E656D696573202231220A53455420706C61796572537461744C65667444726F70646F776E2022504C41594552535441545F424153455F5354415453220A53455420706C6179657253746174526967687444726F70646F776E2022504C41594552535441545F5350454C4C5F434F4D424154220A5345542073686F77546F6B656E4672616D65202231220A5345542073686F77546F6B656E4672616D65486F6E6F72202231220A5345542053686F77436C617373436F6C6F72496E4E616D65706C617465202231220A),
	(1, 7, 1428696789, _binary 0x56455253494F4E20350A0A414444454456455253494F4E2031330A0A4F5054494F4E5F4755494C445F524543525549544D454E545F4348414E4E454C204155544F0A0A4348414E4E454C530A454E440A0A5A4F4E454348414E4E454C532035323432383830330A0A434F4C4F52530A53595354454D20323535203235352030204E0A534159203235352032353520323535204E0A5041525459203137302031373020323535204E0A5241494420323535203132372030204E0A4755494C4420363420323535203634204E0A4F46464943455220363420313932203634204E0A59454C4C20323535203634203634204E0A57484953504552203235352031323820323535204E0A574849535045525F464F524549474E203235352031323820323535204E0A574849535045525F494E464F524D203235352031323820323535204E0A454D4F54452032353520313238203634204E0A544558545F454D4F54452032353520313238203634204E0A4D4F4E535445525F534159203235352032353520313539204E0A4D4F4E535445525F5041525459203137302031373020323535204E0A4D4F4E535445525F59454C4C20323535203634203634204E0A4D4F4E535445525F57484953504552203235352031383120323335204E0A4D4F4E535445525F454D4F54452032353520313238203634204E0A4348414E4E454C203235352031393220313932204E0A4348414E4E454C5F4A4F494E203139322031323820313238204E0A4348414E4E454C5F4C45415645203139322031323820313238204E0A4348414E4E454C5F4C495354203139322031323820313238204E0A4348414E4E454C5F4E4F54494345203139322031393220313932204E0A4348414E4E454C5F4E4F544943455F55534552203139322031393220313932204E0A41464B203235352031323820323535204E0A444E44203235352031323820323535204E0A49474E4F5245442032353520302030204E0A534B494C4C20383520383520323535204E0A4C4F4F542030203137302030204E0A4D4F4E455920323535203235352030204E0A4F50454E494E47203132382031323820323535204E0A5452414445534B494C4C53203235352032353520323535204E0A5045545F494E464F203132382031323820323535204E0A434F4D4241545F4D4953435F494E464F203132382031323820323535204E0A434F4D4241545F58505F4741494E203131312031313120323535204E0A434F4D4241545F484F4E4F525F4741494E2032323420323032203130204E0A434F4D4241545F46414354494F4E5F4348414E4745203132382031323820323535204E0A42475F53595354454D5F4E45555452414C2032353520313230203130204E0A42475F53595354454D5F414C4C49414E434520302031373420323339204E0A42475F53595354454D5F484F5244452032353520302030204E0A524149445F4C4541444552203235352037322039204E0A524149445F5741524E494E47203235352037322030204E0A524149445F424F53535F454D4F544520323535203232312030204E0A524149445F424F53535F5748495350455220323535203232312030204E0A46494C54455245442032353520302030204E0A424154544C4547524F554E4420323535203132372030204E0A424154544C4547524F554E445F4C4541444552203235352032313920313833204E0A524553545249435445442032353520302030204E0A424154544C454E4554203235352032353520323535204E0A414348494556454D454E5420323535203235352030204E0A4755494C445F414348494556454D454E5420363420323535203634204E0A4152454E415F504F494E5453203235352032353520323535204E0A50415254595F4C4541444552203131382032303020323535204E0A54415247455449434F4E5320323535203235352030204E0A424E5F5748495350455220302032353520323436204E0A424E5F574849535045525F494E464F524D20302032353520323436204E0A424E5F434F4E564552534154494F4E20302031373720323430204E0A424E5F434F4E564552534154494F4E5F4E4F5449434520302031373720323430204E0A424E5F434F4E564552534154494F4E5F4C49535420302031373720323430204E0A424E5F494E4C494E455F544F4153545F414C455254203133302031393720323535204E0A424E5F494E4C494E455F544F4153545F42524F414443415354203133302031393720323535204E0A424E5F494E4C494E455F544F4153545F42524F4144434153545F494E464F524D203133302031393720323535204E0A424E5F494E4C494E455F544F4153545F434F4E564552534154494F4E203133302031393720323535204E0A4348414E4E454C31203235352031393220313932204E0A4348414E4E454C32203235352031393220313932204E0A4348414E4E454C33203235352031393220313932204E0A4348414E4E454C34203235352031393220313932204E0A4348414E4E454C35203235352031393220313932204E0A4348414E4E454C36203235352031393220313932204E0A4348414E4E454C37203235352031393220313932204E0A4348414E4E454C38203235352031393220313932204E0A4348414E4E454C39203235352031393220313932204E0A4348414E4E454C3130203235352031393220313932204E0A454E440A0A57494E444F5720310A4E414D452047656E6572616C0A53495A4520300A434F4C4F522030203020302034300A4C4F434B454420310A554E494E54455241435441424C4520300A444F434B454420310A53484F574E20310A4D455353414745530A53595354454D0A53595354454D5F4E4F4D454E550A5341590A454D4F54450A59454C4C0A574849535045520A50415254590A50415254595F4C45414445520A524149440A524149445F4C45414445520A524149445F5741524E494E470A424154544C4547524F554E440A424154544C4547524F554E445F4C45414445520A4755494C440A4F4646494345520A4D4F4E535445525F5341590A4D4F4E535445525F59454C4C0A4D4F4E535445525F454D4F54450A4D4F4E535445525F574849535045520A4D4F4E535445525F424F53535F454D4F54450A4D4F4E535445525F424F53535F574849535045520A4552524F52530A41464B0A444E440A49474E4F5245440A42475F484F5244450A42475F414C4C49414E43450A42475F4E45555452414C0A434F4D4241545F46414354494F4E5F4348414E47450A534B494C4C0A4C4F4F540A4D4F4E45590A4348414E4E454C0A414348494556454D454E540A4755494C445F414348494556454D454E540A54415247455449434F4E530A424E5F574849535045520A424E5F574849535045525F494E464F524D0A424E5F434F4E564552534154494F4E0A424E5F494E4C494E455F544F4153545F414C4552540A454E440A0A4348414E4E454C530A4C6F6F6B696E67466F7247726F75700A454E440A0A5A4F4E454348414E4E454C532031383837343337310A0A454E440A0A57494E444F5720320A4E414D4520436F6D626174204C6F670A53495A4520300A434F4C4F522030203020302034300A4C4F434B454420310A554E494E54455241435441424C4520300A444F434B454420320A53484F574E20300A4D455353414745530A4F50454E494E470A5452414445534B494C4C530A5045545F494E464F0A434F4D4241545F58505F4741494E0A434F4D4241545F484F4E4F525F4741494E0A434F4D4241545F4D4953435F494E464F0A454E440A0A4348414E4E454C530A454E440A0A5A4F4E454348414E4E454C5320300A0A454E440A0A57494E444F5720330A53495A4520300A434F4C4F522030203020302034300A4C4F434B454420310A554E494E54455241435441424C4520300A444F434B454420300A53484F574E20300A4D455353414745530A454E440A0A4348414E4E454C530A454E440A0A5A4F4E454348414E4E454C5320300A0A454E440A0A57494E444F5720340A53495A4520300A434F4C4F522030203020302034300A4C4F434B454420310A554E494E54455241435441424C4520300A444F434B454420300A53484F574E20300A4D455353414745530A454E440A0A4348414E4E454C530A454E440A0A5A4F4E454348414E4E454C5320300A0A454E440A0A57494E444F5720350A53495A4520300A434F4C4F522030203020302034300A4C4F434B454420310A554E494E54455241435441424C4520300A444F434B454420300A53484F574E20300A4D455353414745530A454E440A0A4348414E4E454C530A454E440A0A5A4F4E454348414E4E454C5320300A0A454E440A0A57494E444F5720360A53495A4520300A434F4C4F522030203020302034300A4C4F434B454420310A554E494E54455241435441424C4520300A444F434B454420300A53484F574E20300A4D455353414745530A454E440A0A4348414E4E454C530A454E440A0A5A4F4E454348414E4E454C5320300A0A454E440A0A57494E444F5720370A53495A4520300A434F4C4F522030203020302034300A4C4F434B454420310A554E494E54455241435441424C4520300A444F434B454420300A53484F574E20300A4D455353414745530A454E440A0A4348414E4E454C530A454E440A0A5A4F4E454348414E4E454C5320300A0A454E440A0A57494E444F5720380A53495A4520300A434F4C4F522030203020302034300A4C4F434B454420310A554E494E54455241435441424C4520300A444F434B454420300A53484F574E20300A4D455353414745530A454E440A0A4348414E4E454C530A454E440A0A5A4F4E454348414E4E454C5320300A0A454E440A0A57494E444F5720390A53495A4520300A434F4C4F522030203020302034300A4C4F434B454420310A554E494E54455241435441424C4520300A444F434B454420300A53484F574E20300A4D455353414745530A454E440A0A4348414E4E454C530A454E440A0A5A4F4E454348414E4E454C5320300A0A454E440A0A57494E444F572031300A53495A4520300A434F4C4F522030203020302034300A4C4F434B454420310A554E494E54455241435441424C4520300A444F434B454420300A53484F574E20300A4D455353414745530A454E440A0A4348414E4E454C530A454E440A0A5A4F4E454348414E4E454C5320300A0A454E440A0A),
	(2, 1, 1428700468, _binary 0x534554206D696E696D61705A6F6F6D202230220A534554206D696E696D6170496E736964655A6F6F6D202230220A5345542071756573744C6F67436F6C6C6170736546696C74657220222D31220A53455420747261636B656451756573747320227601220A53455420747261636B6564416368696576656D656E747320227601220A5345542063616D657261536176656444697374616E63652022392E353438343139220A5345542063616D65726153617665645069746368202231392E353932333530220A534554206E616D65706C61746553686F77456E656D696573202231220A53455420706C61796572537461744C65667444726F70646F776E2022504C41594552535441545F424153455F5354415453220A53455420706C6179657253746174526967687444726F70646F776E2022504C41594552535441545F52414E4745445F434F4D424154220A5345542073686F77546F6B656E4672616D65486F6E6F72202231220A),
	(2, 7, 1428700469, _binary 0x56455253494F4E20350A0A414444454456455253494F4E2031330A0A4F5054494F4E5F4755494C445F524543525549544D454E545F4348414E4E454C204155544F0A0A4348414E4E454C530A454E440A0A5A4F4E454348414E4E454C532033353635313538370A0A434F4C4F52530A53595354454D20323535203235352030204E0A534159203235352032353520323535204E0A5041525459203137302031373020323535204E0A5241494420323535203132372030204E0A4755494C4420363420323535203634204E0A4F46464943455220363420313932203634204E0A59454C4C20323535203634203634204E0A57484953504552203235352031323820323535204E0A574849535045525F464F524549474E203235352031323820323535204E0A574849535045525F494E464F524D203235352031323820323535204E0A454D4F54452032353520313238203634204E0A544558545F454D4F54452032353520313238203634204E0A4D4F4E535445525F534159203235352032353520313539204E0A4D4F4E535445525F5041525459203137302031373020323535204E0A4D4F4E535445525F59454C4C20323535203634203634204E0A4D4F4E535445525F57484953504552203235352031383120323335204E0A4D4F4E535445525F454D4F54452032353520313238203634204E0A4348414E4E454C203235352031393220313932204E0A4348414E4E454C5F4A4F494E203139322031323820313238204E0A4348414E4E454C5F4C45415645203139322031323820313238204E0A4348414E4E454C5F4C495354203139322031323820313238204E0A4348414E4E454C5F4E4F54494345203139322031393220313932204E0A4348414E4E454C5F4E4F544943455F55534552203139322031393220313932204E0A41464B203235352031323820323535204E0A444E44203235352031323820323535204E0A49474E4F5245442032353520302030204E0A534B494C4C20383520383520323535204E0A4C4F4F542030203137302030204E0A4D4F4E455920323535203235352030204E0A4F50454E494E47203132382031323820323535204E0A5452414445534B494C4C53203235352032353520323535204E0A5045545F494E464F203132382031323820323535204E0A434F4D4241545F4D4953435F494E464F203132382031323820323535204E0A434F4D4241545F58505F4741494E203131312031313120323535204E0A434F4D4241545F484F4E4F525F4741494E2032323420323032203130204E0A434F4D4241545F46414354494F4E5F4348414E4745203132382031323820323535204E0A42475F53595354454D5F4E45555452414C2032353520313230203130204E0A42475F53595354454D5F414C4C49414E434520302031373420323339204E0A42475F53595354454D5F484F5244452032353520302030204E0A524149445F4C4541444552203235352037322039204E0A524149445F5741524E494E47203235352037322030204E0A524149445F424F53535F454D4F544520323535203232312030204E0A524149445F424F53535F5748495350455220323535203232312030204E0A46494C54455245442032353520302030204E0A424154544C4547524F554E4420323535203132372030204E0A424154544C4547524F554E445F4C4541444552203235352032313920313833204E0A524553545249435445442032353520302030204E0A424154544C454E4554203235352032353520323535204E0A414348494556454D454E5420323535203235352030204E0A4755494C445F414348494556454D454E5420363420323535203634204E0A4152454E415F504F494E5453203235352032353520323535204E0A50415254595F4C4541444552203131382032303020323535204E0A54415247455449434F4E5320323535203235352030204E0A424E5F5748495350455220302032353520323436204E0A424E5F574849535045525F494E464F524D20302032353520323436204E0A424E5F434F4E564552534154494F4E20302031373720323430204E0A424E5F434F4E564552534154494F4E5F4E4F5449434520302031373720323430204E0A424E5F434F4E564552534154494F4E5F4C49535420302031373720323430204E0A424E5F494E4C494E455F544F4153545F414C455254203133302031393720323535204E0A424E5F494E4C494E455F544F4153545F42524F414443415354203133302031393720323535204E0A424E5F494E4C494E455F544F4153545F42524F4144434153545F494E464F524D203133302031393720323535204E0A424E5F494E4C494E455F544F4153545F434F4E564552534154494F4E203133302031393720323535204E0A4348414E4E454C31203235352031393220313932204E0A4348414E4E454C32203235352031393220313932204E0A4348414E4E454C33203235352031393220313932204E0A4348414E4E454C34203235352031393120313931204E0A4348414E4E454C35203235352031393220313932204E0A4348414E4E454C36203235352031393220313932204E0A4348414E4E454C37203235352031393220313932204E0A4348414E4E454C38203235352031393220313932204E0A4348414E4E454C39203235352031393220313932204E0A4348414E4E454C3130203235352031393220313932204E0A454E440A0A57494E444F5720310A4E414D452047656E6572616C0A53495A4520300A434F4C4F522030203020302034300A4C4F434B454420300A554E494E54455241435441424C4520300A444F434B454420310A53484F574E20310A504F534954494F4E20424F54544F4D4C45465420302E31303538303920302E3135353137310A44494D454E53494F4E53203433322E373038393233203435372E3834373034360A0A4D455353414745530A53595354454D0A53595354454D5F4E4F4D454E550A5341590A454D4F54450A59454C4C0A574849535045520A50415254590A50415254595F4C45414445520A524149440A524149445F4C45414445520A524149445F5741524E494E470A424154544C4547524F554E440A424154544C4547524F554E445F4C45414445520A4755494C440A4F4646494345520A4D4F4E535445525F5341590A4D4F4E535445525F59454C4C0A4D4F4E535445525F454D4F54450A4D4F4E535445525F574849535045520A4D4F4E535445525F424F53535F454D4F54450A4D4F4E535445525F424F53535F574849535045520A4552524F52530A41464B0A444E440A49474E4F5245440A42475F484F5244450A42475F414C4C49414E43450A42475F4E45555452414C0A434F4D4241545F46414354494F4E5F4348414E47450A534B494C4C0A4C4F4F540A4D4F4E45590A4348414E4E454C0A414348494556454D454E540A4755494C445F414348494556454D454E540A54415247455449434F4E530A424E5F574849535045520A424E5F574849535045525F494E464F524D0A424E5F434F4E564552534154494F4E0A424E5F494E4C494E455F544F4153545F414C4552540A454E440A0A4348414E4E454C530A4C6F6F6B696E67466F7247726F75700A454E440A0A5A4F4E454348414E4E454C5320323039373135350A0A454E440A0A57494E444F5720320A4E414D4520436F6D626174204C6F670A53495A4520300A434F4C4F522030203020302034300A4C4F434B454420310A554E494E54455241435441424C4520300A444F434B454420320A53484F574E20300A4D455353414745530A4F50454E494E470A5452414445534B494C4C530A5045545F494E464F0A434F4D4241545F58505F4741494E0A434F4D4241545F484F4E4F525F4741494E0A434F4D4241545F4D4953435F494E464F0A454E440A0A4348414E4E454C530A454E440A0A5A4F4E454348414E4E454C5320300A0A454E440A0A57494E444F5720330A53495A4520300A434F4C4F522030203020302034300A4C4F434B454420310A554E494E54455241435441424C4520300A444F434B454420300A53484F574E20300A4D455353414745530A454E440A0A4348414E4E454C530A454E440A0A5A4F4E454348414E4E454C5320300A0A454E440A0A57494E444F5720340A53495A4520300A434F4C4F522030203020302034300A4C4F434B454420310A554E494E54455241435441424C4520300A444F434B454420300A53484F574E20300A4D455353414745530A454E440A0A4348414E4E454C530A454E440A0A5A4F4E454348414E4E454C5320300A0A454E440A0A57494E444F5720350A53495A4520300A434F4C4F522030203020302034300A4C4F434B454420310A554E494E54455241435441424C4520300A444F434B454420300A53484F574E20300A4D455353414745530A454E440A0A4348414E4E454C530A454E440A0A5A4F4E454348414E4E454C5320300A0A454E440A0A57494E444F5720360A53495A4520300A434F4C4F522030203020302034300A4C4F434B454420310A554E494E54455241435441424C4520300A444F434B454420300A53484F574E20300A4D455353414745530A454E440A0A4348414E4E454C530A454E440A0A5A4F4E454348414E4E454C5320300A0A454E440A0A57494E444F5720370A53495A4520300A434F4C4F522030203020302034300A4C4F434B454420310A554E494E54455241435441424C4520300A444F434B454420300A53484F574E20300A4D455353414745530A454E440A0A4348414E4E454C530A454E440A0A5A4F4E454348414E4E454C5320300A0A454E440A0A57494E444F5720380A53495A4520300A434F4C4F522030203020302034300A4C4F434B454420310A554E494E54455241435441424C4520300A444F434B454420300A53484F574E20300A4D455353414745530A454E440A0A4348414E4E454C530A454E440A0A5A4F4E454348414E4E454C5320300A0A454E440A0A57494E444F5720390A53495A4520300A434F4C4F522030203020302034300A4C4F434B454420310A554E494E54455241435441424C4520300A444F434B454420300A53484F574E20300A4D455353414745530A454E440A0A4348414E4E454C530A454E440A0A5A4F4E454348414E4E454C5320300A0A454E440A0A57494E444F572031300A53495A4520300A434F4C4F522030203020302034300A4C4F434B454420310A554E494E54455241435441424C4520300A444F434B454420300A53484F574E20300A4D455353414745530A454E440A0A4348414E4E454C530A454E440A0A5A4F4E454348414E4E454C5320300A0A454E440A0A),
	(3, 1, 1428701036, _binary 0x5345542071756573744C6F67436F6C6C6170736546696C74657220222D31220A53455420747261636B656451756573747320227601220A53455420747261636B6564416368696576656D656E747320227601220A5345542063616D657261536176656444697374616E6365202231352E303030303030220A5345542063616D65726153617665645069746368202233302E303030303031220A53455420706C61796572537461744C65667444726F70646F776E2022504C41594552535441545F424153455F5354415453220A53455420706C6179657253746174526967687444726F70646F776E2022504C41594552535441545F4D454C45455F434F4D424154220A5345542073686F77546F6B656E4672616D65202231220A),
	(3, 7, 1428697640, _binary 0x56455253494F4E20350A0A414444454456455253494F4E2031330A0A4F5054494F4E5F4755494C445F524543525549544D454E545F4348414E4E454C204155544F0A0A4348414E4E454C530A454E440A0A5A4F4E454348414E4E454C532035323432383830330A0A434F4C4F52530A53595354454D20323535203235352030204E0A534159203235352032353520323535204E0A5041525459203137302031373020323535204E0A5241494420323535203132372030204E0A4755494C4420363420323535203634204E0A4F46464943455220363420313932203634204E0A59454C4C20323535203634203634204E0A57484953504552203235352031323820323535204E0A574849535045525F464F524549474E203235352031323820323535204E0A574849535045525F494E464F524D203235352031323820323535204E0A454D4F54452032353520313238203634204E0A544558545F454D4F54452032353520313238203634204E0A4D4F4E535445525F534159203235352032353520313539204E0A4D4F4E535445525F5041525459203137302031373020323535204E0A4D4F4E535445525F59454C4C20323535203634203634204E0A4D4F4E535445525F57484953504552203235352031383120323335204E0A4D4F4E535445525F454D4F54452032353520313238203634204E0A4348414E4E454C203235352031393220313932204E0A4348414E4E454C5F4A4F494E203139322031323820313238204E0A4348414E4E454C5F4C45415645203139322031323820313238204E0A4348414E4E454C5F4C495354203139322031323820313238204E0A4348414E4E454C5F4E4F54494345203139322031393220313932204E0A4348414E4E454C5F4E4F544943455F55534552203139322031393220313932204E0A41464B203235352031323820323535204E0A444E44203235352031323820323535204E0A49474E4F5245442032353520302030204E0A534B494C4C20383520383520323535204E0A4C4F4F542030203137302030204E0A4D4F4E455920323535203235352030204E0A4F50454E494E47203132382031323820323535204E0A5452414445534B494C4C53203235352032353520323535204E0A5045545F494E464F203132382031323820323535204E0A434F4D4241545F4D4953435F494E464F203132382031323820323535204E0A434F4D4241545F58505F4741494E203131312031313120323535204E0A434F4D4241545F484F4E4F525F4741494E2032323420323032203130204E0A434F4D4241545F46414354494F4E5F4348414E4745203132382031323820323535204E0A42475F53595354454D5F4E45555452414C2032353520313230203130204E0A42475F53595354454D5F414C4C49414E434520302031373420323339204E0A42475F53595354454D5F484F5244452032353520302030204E0A524149445F4C4541444552203235352037322039204E0A524149445F5741524E494E47203235352037322030204E0A524149445F424F53535F454D4F544520323535203232312030204E0A524149445F424F53535F5748495350455220323535203232312030204E0A46494C54455245442032353520302030204E0A424154544C4547524F554E4420323535203132372030204E0A424154544C4547524F554E445F4C4541444552203235352032313920313833204E0A524553545249435445442032353520302030204E0A424154544C454E4554203235352032353520323535204E0A414348494556454D454E5420323535203235352030204E0A4755494C445F414348494556454D454E5420363420323535203634204E0A4152454E415F504F494E5453203235352032353520323535204E0A50415254595F4C4541444552203131382032303020323535204E0A54415247455449434F4E5320323535203235352030204E0A424E5F5748495350455220302032353520323436204E0A424E5F574849535045525F494E464F524D20302032353520323436204E0A424E5F434F4E564552534154494F4E20302031373720323430204E0A424E5F434F4E564552534154494F4E5F4E4F5449434520302031373720323430204E0A424E5F434F4E564552534154494F4E5F4C49535420302031373720323430204E0A424E5F494E4C494E455F544F4153545F414C455254203133302031393720323535204E0A424E5F494E4C494E455F544F4153545F42524F414443415354203133302031393720323535204E0A424E5F494E4C494E455F544F4153545F42524F4144434153545F494E464F524D203133302031393720323535204E0A424E5F494E4C494E455F544F4153545F434F4E564552534154494F4E203133302031393720323535204E0A4348414E4E454C31203235352031393220313932204E0A4348414E4E454C32203235352031393220313932204E0A4348414E4E454C33203235352031393220313932204E0A4348414E4E454C34203235352031393220313932204E0A4348414E4E454C35203235352031393220313932204E0A4348414E4E454C36203235352031393220313932204E0A4348414E4E454C37203235352031393220313932204E0A4348414E4E454C38203235352031393220313932204E0A4348414E4E454C39203235352031393220313932204E0A4348414E4E454C3130203235352031393220313932204E0A454E440A0A57494E444F5720310A4E414D452047656E6572616C0A53495A4520300A434F4C4F522030203020302034300A4C4F434B454420310A554E494E54455241435441424C4520300A444F434B454420310A53484F574E20310A4D455353414745530A53595354454D0A53595354454D5F4E4F4D454E550A5341590A454D4F54450A59454C4C0A574849535045520A50415254590A50415254595F4C45414445520A524149440A524149445F4C45414445520A524149445F5741524E494E470A424154544C4547524F554E440A424154544C4547524F554E445F4C45414445520A4755494C440A4F4646494345520A4D4F4E535445525F5341590A4D4F4E535445525F59454C4C0A4D4F4E535445525F454D4F54450A4D4F4E535445525F574849535045520A4D4F4E535445525F424F53535F454D4F54450A4D4F4E535445525F424F53535F574849535045520A4552524F52530A41464B0A444E440A49474E4F5245440A42475F484F5244450A42475F414C4C49414E43450A42475F4E45555452414C0A434F4D4241545F46414354494F4E5F4348414E47450A534B494C4C0A4C4F4F540A4D4F4E45590A4348414E4E454C0A414348494556454D454E540A4755494C445F414348494556454D454E540A54415247455449434F4E530A424E5F574849535045520A424E5F574849535045525F494E464F524D0A424E5F434F4E564552534154494F4E0A424E5F494E4C494E455F544F4153545F414C4552540A454E440A0A4348414E4E454C530A4C6F6F6B696E67466F7247726F75700A454E440A0A5A4F4E454348414E4E454C532031383837343337310A0A454E440A0A57494E444F5720320A4E414D4520436F6D626174204C6F670A53495A4520300A434F4C4F522030203020302034300A4C4F434B454420310A554E494E54455241435441424C4520300A444F434B454420320A53484F574E20300A4D455353414745530A4F50454E494E470A5452414445534B494C4C530A5045545F494E464F0A434F4D4241545F58505F4741494E0A434F4D4241545F484F4E4F525F4741494E0A434F4D4241545F4D4953435F494E464F0A454E440A0A4348414E4E454C530A454E440A0A5A4F4E454348414E4E454C5320300A0A454E440A0A57494E444F5720330A53495A4520300A434F4C4F522030203020302034300A4C4F434B454420310A554E494E54455241435441424C4520300A444F434B454420300A53484F574E20300A4D455353414745530A454E440A0A4348414E4E454C530A454E440A0A5A4F4E454348414E4E454C5320300A0A454E440A0A57494E444F5720340A53495A4520300A434F4C4F522030203020302034300A4C4F434B454420310A554E494E54455241435441424C4520300A444F434B454420300A53484F574E20300A4D455353414745530A454E440A0A4348414E4E454C530A454E440A0A5A4F4E454348414E4E454C5320300A0A454E440A0A57494E444F5720350A53495A4520300A434F4C4F522030203020302034300A4C4F434B454420310A554E494E54455241435441424C4520300A444F434B454420300A53484F574E20300A4D455353414745530A454E440A0A4348414E4E454C530A454E440A0A5A4F4E454348414E4E454C5320300A0A454E440A0A57494E444F5720360A53495A4520300A434F4C4F522030203020302034300A4C4F434B454420310A554E494E54455241435441424C4520300A444F434B454420300A53484F574E20300A4D455353414745530A454E440A0A4348414E4E454C530A454E440A0A5A4F4E454348414E4E454C5320300A0A454E440A0A57494E444F5720370A53495A4520300A434F4C4F522030203020302034300A4C4F434B454420310A554E494E54455241435441424C4520300A444F434B454420300A53484F574E20300A4D455353414745530A454E440A0A4348414E4E454C530A454E440A0A5A4F4E454348414E4E454C5320300A0A454E440A0A57494E444F5720380A53495A4520300A434F4C4F522030203020302034300A4C4F434B454420310A554E494E54455241435441424C4520300A444F434B454420300A53484F574E20300A4D455353414745530A454E440A0A4348414E4E454C530A454E440A0A5A4F4E454348414E4E454C5320300A0A454E440A0A57494E444F5720390A53495A4520300A434F4C4F522030203020302034300A4C4F434B454420310A554E494E54455241435441424C4520300A444F434B454420300A53484F574E20300A4D455353414745530A454E440A0A4348414E4E454C530A454E440A0A5A4F4E454348414E4E454C5320300A0A454E440A0A57494E444F572031300A53495A4520300A434F4C4F522030203020302034300A4C4F434B454420310A554E494E54455241435441424C4520300A444F434B454420300A53484F574E20300A4D455353414745530A454E440A0A4348414E4E454C530A454E440A0A5A4F4E454348414E4E454C5320300A0A454E440A0A);
/*!40000 ALTER TABLE `character_account_data` ENABLE KEYS */;


# Dumping structure for table characters_kargath.character_achievement
DROP TABLE IF EXISTS `character_achievement`;
CREATE TABLE IF NOT EXISTS `character_achievement` (
  `guid` int(10) unsigned NOT NULL,
  `achievement` smallint(5) unsigned NOT NULL,
  `date` int(10) unsigned NOT NULL DEFAULT '0',
  PRIMARY KEY (`guid`,`achievement`)
) ENGINE=InnoDB DEFAULT CHARSET=utf8;

# Dumping data for table characters_kargath.character_achievement: ~60 rows (approximately)
DELETE FROM `character_achievement`;
/*!40000 ALTER TABLE `character_achievement` DISABLE KEYS */;
INSERT INTO `character_achievement` (`guid`, `achievement`, `date`) VALUES
	(1, 6, 1428696773),
	(1, 7, 1428696773),
	(1, 8, 1428696773),
	(1, 9, 1428696773),
	(1, 10, 1428696773),
	(1, 11, 1428696773),
	(1, 12, 1428696773),
	(1, 13, 1428696773),
	(1, 16, 1428696773),
	(1, 238, 1428701203),
	(1, 457, 1428696773),
	(1, 466, 1428696773),
	(1, 556, 1428697566),
	(1, 557, 1428697566),
	(1, 621, 1428697566),
	(1, 705, 1428697612),
	(1, 868, 1428698587),
	(1, 889, 1428700850),
	(1, 890, 1428700850),
	(1, 891, 1428700850),
	(1, 892, 1428700851),
	(1, 1409, 1428696773),
	(2, 6, 1428697360),
	(2, 7, 1428697360),
	(2, 8, 1428697360),
	(2, 9, 1428697360),
	(2, 10, 1428697360),
	(2, 11, 1428697360),
	(2, 12, 1428697360),
	(2, 13, 1428697360),
	(2, 16, 1428697360),
	(2, 199, 1428698007),
	(2, 202, 1428698007),
	(2, 462, 1428697360),
	(2, 556, 1428698284),
	(2, 557, 1428698284),
	(2, 621, 1428698284),
	(2, 705, 1428697360),
	(2, 868, 1428698577),
	(2, 889, 1428700975),
	(2, 890, 1428700975),
	(2, 891, 1428700975),
	(2, 892, 1428700975),
	(3, 6, 1428697518),
	(3, 7, 1428697518),
	(3, 8, 1428697518),
	(3, 9, 1428697518),
	(3, 10, 1428697518),
	(3, 11, 1428697518),
	(3, 12, 1428697518),
	(3, 13, 1428697518),
	(3, 16, 1428697518),
	(3, 397, 1428699631),
	(3, 459, 1428697518),
	(3, 556, 1428698647),
	(3, 557, 1428698647),
	(3, 621, 1428698647),
	(3, 705, 1428697518),
	(3, 868, 1428698576),
	(3, 1408, 1428697518);
/*!40000 ALTER TABLE `character_achievement` ENABLE KEYS */;


# Dumping structure for table characters_kargath.character_achievement_progress
DROP TABLE IF EXISTS `character_achievement_progress`;
CREATE TABLE IF NOT EXISTS `character_achievement_progress` (
  `guid` int(10) unsigned NOT NULL,
  `criteria` smallint(5) unsigned NOT NULL,
  `counter` int(10) unsigned NOT NULL,
  `date` int(10) unsigned NOT NULL DEFAULT '0',
  PRIMARY KEY (`guid`,`criteria`)
) ENGINE=InnoDB DEFAULT CHARSET=utf8;

# Dumping data for table characters_kargath.character_achievement_progress: ~375 rows (approximately)
DELETE FROM `character_achievement_progress`;
/*!40000 ALTER TABLE `character_achievement_progress` DISABLE KEYS */;
INSERT INTO `character_achievement_progress` (`guid`, `criteria`, `counter`, `date`) VALUES
	(1, 34, 80, 1428696773),
	(1, 35, 80, 1428696773),
	(1, 36, 80, 1428696773),
	(1, 37, 80, 1428696773),
	(1, 38, 80, 1428696773),
	(1, 39, 80, 1428696773),
	(1, 40, 80, 1428696773),
	(1, 41, 80, 1428696773),
	(1, 111, 3, 1428701511),
	(1, 162, 3299, 1428699610),
	(1, 167, 400, 1428696773),
	(1, 653, 400, 1428696773),
	(1, 655, 400, 1428697612),
	(1, 656, 400, 1428697612),
	(1, 657, 400, 1428696773),
	(1, 756, 400, 1428696773),
	(1, 834, 400, 1428697612),
	(1, 1149, 1, 1428696779),
	(1, 1209, 1, 1428701426),
	(1, 1221, 1, 1428698391),
	(1, 1506, 1, 1428698432),
	(1, 1789, 1, 1428698587),
	(1, 1791, 1, 1428698779),
	(1, 1792, 1, 1428698750),
	(1, 1796, 1, 1428698587),
	(1, 1870, 150, 1428700850),
	(1, 1871, 225, 1428700850),
	(1, 1872, 150, 1428700850),
	(1, 1873, 300, 1428700851),
	(1, 2020, 200, 1428696773),
	(1, 2030, 3100, 1428696773),
	(1, 2031, 3100, 1428696773),
	(1, 2032, 4000, 1428696773),
	(1, 2033, 3100, 1428696773),
	(1, 2034, 3000, 1428696773),
	(1, 2045, 2000, 1428696773),
	(1, 2072, 2068, 1428701521),
	(1, 2342, 1, 1428697566),
	(1, 2343, 1, 1428697566),
	(1, 2344, 1, 1428697566),
	(1, 2345, 1, 1428697566),
	(1, 2346, 1, 1428697566),
	(1, 2347, 1, 1428697566),
	(1, 2348, 1, 1428697566),
	(1, 2349, 1, 1428697566),
	(1, 2350, 1, 1428697566),
	(1, 2351, 1, 1428697566),
	(1, 2353, 1, 1428697566),
	(1, 2355, 1, 1428697566),
	(1, 2356, 1, 1428697566),
	(1, 2357, 1, 1428697566),
	(1, 2361, 1, 1428701203),
	(1, 3236, 1, 1428701517),
	(1, 3723, 1, 1428697566),
	(1, 3724, 1, 1428697566),
	(1, 3725, 1, 1428697566),
	(1, 3726, 1, 1428697566),
	(1, 3727, 1, 1428697566),
	(1, 3728, 1, 1428697566),
	(1, 3729, 1, 1428697566),
	(1, 3730, 1, 1428697566),
	(1, 3731, 1, 1428697566),
	(1, 3732, 1, 1428697566),
	(1, 3733, 1, 1428697566),
	(1, 3734, 1, 1428697566),
	(1, 3735, 1, 1428697566),
	(1, 3736, 1, 1428697566),
	(1, 3737, 1, 1428697566),
	(1, 3738, 1, 1428697566),
	(1, 4224, 987654321, 1428696773),
	(1, 4964, 1, 1428699631),
	(1, 5212, 80, 1428696773),
	(1, 5214, 80, 1428696773),
	(1, 5234, 80, 1428696773),
	(1, 5301, 6, 1428696773),
	(1, 5328, 4000, 1428696773),
	(1, 5329, 3100, 1428696773),
	(1, 5330, 3100, 1428696773),
	(1, 5331, 3100, 1428696773),
	(1, 5332, 3000, 1428696773),
	(1, 5371, 6121, 1428698439),
	(1, 5372, 39049, 1428701521),
	(1, 5373, 956, 1428699596),
	(1, 5374, 28407, 1428699552),
	(1, 5376, 28407, 1428699552),
	(1, 5493, 2, 1428701213),
	(1, 5512, 2, 1428701511),
	(1, 5529, 5, 1428701511),
	(1, 5530, 2, 1428701213),
	(1, 5531, 1, 1428698482),
	(1, 5580, 400, 1428697612),
	(1, 5581, 400, 1428697612),
	(1, 5582, 1, 1428697612),
	(1, 5585, 400, 1428696773),
	(1, 5589, 400, 1428696773),
	(1, 5590, 400, 1428697612),
	(1, 5591, 400, 1428696773),
	(1, 5593, 3, 1428701511),
	(1, 5594, 1, 1428699631),
	(1, 5816, 1, 1428697566),
	(1, 5817, 1, 1428697566),
	(1, 6140, 1, 1428699885),
	(1, 6141, 21, 1428699885),
	(1, 6142, 21, 1428699885),
	(1, 6790, 2, 1428701213),
	(1, 6791, 2, 1428701213),
	(1, 6792, 2, 1428701213),
	(1, 6793, 2, 1428701213),
	(1, 6794, 2, 1428701213),
	(1, 6795, 2, 1428701213),
	(1, 6796, 2, 1428701213),
	(1, 6797, 2, 1428701213),
	(1, 6798, 1, 1428701203),
	(1, 8819, 500, 1428696773),
	(1, 8820, 500, 1428696773),
	(1, 8821, 500, 1428696773),
	(1, 8822, 500, 1428696773),
	(1, 9160, 2, 1428701213),
	(1, 9598, 80, 1428696773),
	(1, 9678, 4000, 1428696773),
	(1, 9679, 3000, 1428696773),
	(1, 9680, 3100, 1428696773),
	(1, 9681, 3100, 1428696773),
	(1, 9682, 3100, 1428696773),
	(1, 12599, 1, 1428697566),
	(1, 12698, 220, 1428701203),
	(1, 13253, 2, 1428701213),
	(1, 13259, 2, 1428701213),
	(2, 34, 80, 1428697360),
	(2, 35, 80, 1428697360),
	(2, 36, 80, 1428697360),
	(2, 37, 80, 1428697360),
	(2, 38, 80, 1428697360),
	(2, 39, 80, 1428697360),
	(2, 40, 80, 1428697360),
	(2, 41, 80, 1428697360),
	(2, 111, 4, 1428701491),
	(2, 162, 5724, 1428698254),
	(2, 167, 400, 1428697360),
	(2, 416, 1, 1428698007),
	(2, 439, 1, 1428698007),
	(2, 641, 400, 1428700124),
	(2, 651, 400, 1428697360),
	(2, 652, 400, 1428700124),
	(2, 653, 400, 1428697360),
	(2, 654, 400, 1428700124),
	(2, 656, 400, 1428700124),
	(2, 657, 400, 1428700124),
	(2, 753, 400, 1428700124),
	(2, 754, 400, 1428697360),
	(2, 755, 400, 1428700124),
	(2, 756, 400, 1428697360),
	(2, 989, 35, 1428698007),
	(2, 1149, 1, 1428697365),
	(2, 1209, 1, 1428701435),
	(2, 1506, 1, 1428698464),
	(2, 1789, 1, 1428698577),
	(2, 1796, 1, 1428698577),
	(2, 1802, 1, 1428698007),
	(2, 1870, 150, 1428700975),
	(2, 1871, 225, 1428700975),
	(2, 1872, 150, 1428700975),
	(2, 1873, 300, 1428700975),
	(2, 2020, 200, 1428697360),
	(2, 2030, 3100, 1428697360),
	(2, 2031, 3100, 1428697360),
	(2, 2032, 4000, 1428697360),
	(2, 2033, 3100, 1428697360),
	(2, 2034, 3000, 1428697360),
	(2, 2072, 2393, 1428701519),
	(2, 2342, 1, 1428698284),
	(2, 2343, 1, 1428698284),
	(2, 2344, 1, 1428698284),
	(2, 2345, 1, 1428698284),
	(2, 2346, 1, 1428698284),
	(2, 2347, 1, 1428698284),
	(2, 2348, 1, 1428698284),
	(2, 2349, 1, 1428698284),
	(2, 2350, 1, 1428698284),
	(2, 2351, 1, 1428698284),
	(2, 2353, 1, 1428698284),
	(2, 2355, 1, 1428698284),
	(2, 2356, 1, 1428698284),
	(2, 2357, 1, 1428698284),
	(2, 2402, 3709, 1428698189),
	(2, 3462, 1, 1428698007),
	(2, 3470, 1, 1428698007),
	(2, 3723, 1, 1428698284),
	(2, 3724, 1, 1428698284),
	(2, 3725, 1, 1428698284),
	(2, 3726, 1, 1428698284),
	(2, 3727, 1, 1428698284),
	(2, 3728, 1, 1428698284),
	(2, 3729, 1, 1428698284),
	(2, 3730, 1, 1428698284),
	(2, 3731, 1, 1428698284),
	(2, 3732, 1, 1428698284),
	(2, 3733, 1, 1428698284),
	(2, 3734, 1, 1428698284),
	(2, 3735, 1, 1428698284),
	(2, 3736, 1, 1428698284),
	(2, 3737, 1, 1428698284),
	(2, 3738, 1, 1428698284),
	(2, 4159, 1, 1428698743),
	(2, 4168, 1, 1428698736),
	(2, 4172, 1, 1428698757),
	(2, 4224, 987654321, 1428697360),
	(2, 5212, 80, 1428697360),
	(2, 5218, 80, 1428697360),
	(2, 5234, 80, 1428697360),
	(2, 5290, 1, 1428698726),
	(2, 5301, 7, 1428698007),
	(2, 5328, 4000, 1428697360),
	(2, 5329, 3100, 1428697360),
	(2, 5330, 3100, 1428697360),
	(2, 5331, 3100, 1428697360),
	(2, 5332, 3000, 1428697360),
	(2, 5334, 35, 1428698007),
	(2, 5371, 6005, 1428701519),
	(2, 5372, 6005, 1428701519),
	(2, 5373, 85, 1428698070),
	(2, 5512, 1, 1428701491),
	(2, 5529, 1, 1428701491),
	(2, 5576, 400, 1428700124),
	(2, 5577, 400, 1428700124),
	(2, 5578, 400, 1428700124),
	(2, 5579, 400, 1428697360),
	(2, 5582, 1, 1428700124),
	(2, 5583, 400, 1428700124),
	(2, 5584, 400, 1428697360),
	(2, 5585, 400, 1428697360),
	(2, 5588, 400, 1428700124),
	(2, 5589, 400, 1428697360),
	(2, 5590, 400, 1428700124),
	(2, 5591, 400, 1428700124),
	(2, 5593, 4, 1428701491),
	(2, 5594, 3, 1428701213),
	(2, 5601, 1, 1428697995),
	(2, 5602, 1, 1428698007),
	(2, 5816, 1, 1428698284),
	(2, 5817, 1, 1428698284),
	(2, 6141, 38, 1428698321),
	(2, 6142, 38, 1428698321),
	(2, 6172, 1, 1428698284),
	(2, 8819, 500, 1428697360),
	(2, 8820, 500, 1428697360),
	(2, 8821, 500, 1428697360),
	(2, 8822, 500, 1428697360),
	(2, 9598, 80, 1428697360),
	(2, 9678, 4000, 1428697360),
	(2, 9679, 3000, 1428697360),
	(2, 9680, 3100, 1428697360),
	(2, 9681, 3100, 1428697360),
	(2, 9682, 3100, 1428697360),
	(2, 12698, 230, 1428700975),
	(3, 34, 80, 1428697518),
	(3, 35, 80, 1428697518),
	(3, 36, 80, 1428697518),
	(3, 37, 80, 1428697518),
	(3, 38, 80, 1428697518),
	(3, 39, 80, 1428697518),
	(3, 40, 80, 1428697518),
	(3, 41, 80, 1428697518),
	(3, 162, 28734, 1428699631),
	(3, 167, 400, 1428697518),
	(3, 306, 1, 1428699631),
	(3, 307, 1, 1428699631),
	(3, 641, 400, 1428697518),
	(3, 651, 400, 1428700135),
	(3, 652, 400, 1428700135),
	(3, 653, 400, 1428700135),
	(3, 654, 400, 1428700135),
	(3, 655, 400, 1428697518),
	(3, 656, 400, 1428700135),
	(3, 657, 400, 1428700135),
	(3, 753, 400, 1428697518),
	(3, 754, 400, 1428700135),
	(3, 755, 400, 1428697518),
	(3, 756, 400, 1428697518),
	(3, 834, 400, 1428700135),
	(3, 1149, 1, 1428697522),
	(3, 1506, 1, 1428698514),
	(3, 1789, 1, 1428698576),
	(3, 1796, 1, 1428698576),
	(3, 1829, 1, 1428699631),
	(3, 1830, 1, 1428699631),
	(3, 2020, 200, 1428697518),
	(3, 2030, 4000, 1428697518),
	(3, 2031, 3100, 1428697518),
	(3, 2032, 3100, 1428697518),
	(3, 2033, 3100, 1428697518),
	(3, 2034, 3000, 1428697518),
	(3, 2342, 1, 1428698647),
	(3, 2343, 1, 1428698647),
	(3, 2344, 1, 1428698647),
	(3, 2345, 1, 1428698647),
	(3, 2346, 1, 1428698647),
	(3, 2347, 1, 1428698647),
	(3, 2348, 1, 1428698647),
	(3, 2349, 1, 1428698647),
	(3, 2350, 1, 1428698647),
	(3, 2351, 1, 1428698647),
	(3, 2353, 1, 1428698647),
	(3, 2355, 1, 1428698647),
	(3, 2356, 1, 1428698647),
	(3, 2357, 1, 1428698647),
	(3, 2408, 1, 1428699631),
	(3, 2922, 1, 1428698647),
	(3, 3367, 576, 1428698267),
	(3, 3723, 1, 1428698647),
	(3, 3724, 1, 1428698647),
	(3, 3725, 1, 1428698647),
	(3, 3726, 1, 1428698647),
	(3, 3727, 1, 1428698647),
	(3, 3728, 1, 1428698647),
	(3, 3729, 1, 1428698647),
	(3, 3730, 1, 1428698647),
	(3, 3731, 1, 1428698647),
	(3, 3732, 1, 1428698647),
	(3, 3733, 1, 1428698647),
	(3, 3734, 1, 1428698647),
	(3, 3735, 1, 1428698647),
	(3, 3736, 1, 1428698647),
	(3, 3737, 1, 1428698647),
	(3, 3738, 1, 1428698647),
	(3, 4224, 987654321, 1428697518),
	(3, 4943, 11356, 1428699616),
	(3, 5212, 80, 1428698635),
	(3, 5220, 80, 1428698635),
	(3, 5233, 80, 1428698635),
	(3, 5301, 6, 1428697518),
	(3, 5310, 1, 1428699631),
	(3, 5328, 3100, 1428697518),
	(3, 5329, 3100, 1428697518),
	(3, 5330, 3100, 1428697518),
	(3, 5331, 4000, 1428697518),
	(3, 5332, 3000, 1428697518),
	(3, 5371, 956, 1428699596),
	(3, 5372, 9023, 1428699610),
	(3, 5373, 2460, 1428699625),
	(3, 5374, 33591, 1428699552),
	(3, 5375, 11356, 1428699616),
	(3, 5376, 33591, 1428699552),
	(3, 5529, 1, 1428699631),
	(3, 5535, 1, 1428699631),
	(3, 5543, 1, 1428699631),
	(3, 5576, 400, 1428697518),
	(3, 5577, 400, 1428697518),
	(3, 5578, 400, 1428697518),
	(3, 5579, 400, 1428700135),
	(3, 5580, 400, 1428697518),
	(3, 5581, 400, 1428700135),
	(3, 5582, 1, 1428700135),
	(3, 5583, 400, 1428700135),
	(3, 5584, 400, 1428700135),
	(3, 5585, 400, 1428700135),
	(3, 5588, 400, 1428700135),
	(3, 5589, 400, 1428697518),
	(3, 5590, 400, 1428700135),
	(3, 5591, 400, 1428700135),
	(3, 5816, 1, 1428698647),
	(3, 5817, 1, 1428698647),
	(3, 6141, 19, 1428699631),
	(3, 6142, 19, 1428699631),
	(3, 8819, 500, 1428697518),
	(3, 8820, 500, 1428697518),
	(3, 8821, 500, 1428697518),
	(3, 8822, 500, 1428697518),
	(3, 9598, 80, 1428697518),
	(3, 9678, 3100, 1428697518),
	(3, 9679, 3000, 1428697518),
	(3, 9680, 3100, 1428697518),
	(3, 9681, 3100, 1428697518),
	(3, 9682, 4000, 1428697518),
	(3, 12698, 180, 1428699631);
/*!40000 ALTER TABLE `character_achievement_progress` ENABLE KEYS */;


# Dumping structure for table characters_kargath.character_action
DROP TABLE IF EXISTS `character_action`;
CREATE TABLE IF NOT EXISTS `character_action` (
  `guid` int(10) unsigned NOT NULL DEFAULT '0',
  `spec` tinyint(3) unsigned NOT NULL DEFAULT '0',
  `button` tinyint(3) unsigned NOT NULL DEFAULT '0',
  `action` int(10) unsigned NOT NULL DEFAULT '0',
  `type` tinyint(3) unsigned NOT NULL DEFAULT '0',
  PRIMARY KEY (`guid`,`spec`,`button`)
) ENGINE=InnoDB DEFAULT CHARSET=utf8;

# Dumping data for table characters_kargath.character_action: ~16 rows (approximately)
DELETE FROM `character_action`;
/*!40000 ALTER TABLE `character_action` DISABLE KEYS */;
INSERT INTO `character_action` (`guid`, `spec`, `button`, `action`, `type`) VALUES
	(1, 0, 0, 48461, 0),
	(1, 0, 1, 48378, 0),
	(1, 0, 2, 48566, 0),
	(1, 0, 11, 58984, 0),
	(2, 0, 0, 6603, 0),
	(2, 0, 1, 48996, 0),
	(2, 0, 2, 75, 0),
	(2, 0, 3, 58984, 0),
	(2, 0, 11, 2, 64),
	(3, 0, 0, 6603, 0),
	(3, 0, 72, 6603, 0),
	(3, 0, 73, 47450, 0),
	(3, 0, 82, 59752, 0),
	(3, 0, 84, 6603, 0),
	(3, 0, 96, 6603, 0),
	(3, 0, 108, 6603, 0);
/*!40000 ALTER TABLE `character_action` ENABLE KEYS */;


# Dumping structure for table characters_kargath.character_arena_stats
DROP TABLE IF EXISTS `character_arena_stats`;
CREATE TABLE IF NOT EXISTS `character_arena_stats` (
  `guid` int(10) NOT NULL,
  `slot` tinyint(3) NOT NULL,
  `matchMakerRating` smallint(5) NOT NULL,
  PRIMARY KEY (`guid`,`slot`)
) ENGINE=InnoDB DEFAULT CHARSET=utf8;

# Dumping data for table characters_kargath.character_arena_stats: ~3 rows (approximately)
DELETE FROM `character_arena_stats`;
/*!40000 ALTER TABLE `character_arena_stats` DISABLE KEYS */;
INSERT INTO `character_arena_stats` (`guid`, `slot`, `matchMakerRating`) VALUES
	(1, 2, 1488),
	(2, 2, 1500),
	(3, 2, 1512);
/*!40000 ALTER TABLE `character_arena_stats` ENABLE KEYS */;


# Dumping structure for table characters_kargath.character_aura
DROP TABLE IF EXISTS `character_aura`;
CREATE TABLE IF NOT EXISTS `character_aura` (
  `guid` int(10) unsigned NOT NULL DEFAULT '0' COMMENT 'Global Unique Identifier',
  `caster_guid` bigint(20) unsigned NOT NULL DEFAULT '0' COMMENT 'Full Global Unique Identifier',
  `item_guid` bigint(20) unsigned NOT NULL DEFAULT '0',
  `spell` mediumint(8) unsigned NOT NULL DEFAULT '0',
  `effect_mask` tinyint(3) unsigned NOT NULL DEFAULT '0',
  `recalculate_mask` tinyint(3) unsigned NOT NULL DEFAULT '0',
  `stackcount` tinyint(3) unsigned NOT NULL DEFAULT '1',
  `amount0` int(11) NOT NULL DEFAULT '0',
  `amount1` int(11) NOT NULL DEFAULT '0',
  `amount2` int(11) NOT NULL DEFAULT '0',
  `base_amount0` int(11) NOT NULL DEFAULT '0',
  `base_amount1` int(11) NOT NULL DEFAULT '0',
  `base_amount2` int(11) NOT NULL DEFAULT '0',
  `maxduration` int(11) NOT NULL DEFAULT '0',
  `remaintime` int(11) NOT NULL DEFAULT '0',
  `remaincharges` tinyint(3) unsigned NOT NULL DEFAULT '0',
  PRIMARY KEY (`guid`,`caster_guid`,`item_guid`,`spell`,`effect_mask`)
) ENGINE=InnoDB DEFAULT CHARSET=utf8 COMMENT='Player System';

# Dumping data for table characters_kargath.character_aura: ~22 rows (approximately)
DELETE FROM `character_aura`;
/*!40000 ALTER TABLE `character_aura` DISABLE KEYS */;
INSERT INTO `character_aura` (`guid`, `caster_guid`, `item_guid`, `spell`, `effect_mask`, `recalculate_mask`, `stackcount`, `amount0`, `amount1`, `amount2`, `base_amount0`, `base_amount1`, `base_amount2`, `maxduration`, `remaintime`, `remaincharges`) VALUES
	(1, 1, 0, 768, 7, 7, 1, 0, 0, 0, -1, -1, 0, -1, -1, 0),
	(1, 1, 0, 5225, 1, 1, 1, 0, 0, 0, -1, 0, 0, -1, -1, 0),
	(1, 1, 0, 20217, 3, 3, 1, 10, 0, 0, 9, -1, 0, 600000, 503593, 0),
	(1, 1, 0, 24864, 1, 1, 1, 4, 0, 0, 3, 0, 0, -1, -1, 0),
	(1, 1, 0, 24900, 1, 1, 1, 10, 0, 0, 9, 0, 0, -1, -1, 0),
	(1, 1, 0, 24932, 7, 7, 1, 5, 4, 0, 4, -1, -1, -1, -1, 0),
	(1, 1, 0, 42995, 1, 1, 1, 60, 0, 0, 59, 0, 0, 1800000, 1703593, 0),
	(1, 1, 0, 47180, 1, 1, 1, 20, 0, 0, 19, 0, 0, -1, -1, 0),
	(1, 1, 0, 48073, 1, 1, 1, 80, 0, 0, 79, 0, 0, 1800000, 1703593, 0),
	(1, 1, 0, 48102, 1, 1, 1, 132, 0, 0, 131, 0, 0, 1800000, 1703593, 0),
	(1, 1, 0, 48161, 1, 1, 1, 165, 0, 0, 164, 0, 0, 1800000, 1703593, 0),
	(1, 1, 0, 48169, 1, 1, 1, 130, 0, 0, 129, 0, 0, 600000, 503593, 0),
	(1, 1, 0, 48469, 7, 7, 1, 750, 37, 54, 749, 36, 53, 1800000, 1703593, 0),
	(1, 1, 4611686018427388006, 72968, 1, 1, 1, 0, 0, 0, 0, 0, 0, -1, -1, 0),
	(2, 2, 0, 20217, 3, 3, 1, 10, 0, 0, 9, -1, 0, 600000, 510794, 0),
	(2, 2, 0, 42995, 1, 1, 1, 60, 0, 0, 59, 0, 0, 1800000, 1710794, 0),
	(2, 2, 0, 48073, 1, 1, 1, 80, 0, 0, 79, 0, 0, 1800000, 1710794, 0),
	(2, 2, 0, 48102, 1, 1, 1, 132, 0, 0, 131, 0, 0, 1800000, 1710794, 0),
	(2, 2, 0, 48161, 1, 1, 1, 165, 0, 0, 164, 0, 0, 1800000, 1710794, 0),
	(2, 2, 0, 48169, 1, 1, 1, 130, 0, 0, 129, 0, 0, 600000, 510794, 0),
	(2, 2, 0, 48469, 7, 7, 1, 750, 37, 54, 749, 36, 53, 1800000, 1710794, 0),
	(3, 3, 0, 2457, 3, 3, 1, 0, 10, 0, -1, 9, 0, -1, -1, 0);
/*!40000 ALTER TABLE `character_aura` ENABLE KEYS */;


# Dumping structure for table characters_kargath.character_banned
DROP TABLE IF EXISTS `character_banned`;
CREATE TABLE IF NOT EXISTS `character_banned` (
  `guid` int(10) unsigned NOT NULL DEFAULT '0' COMMENT 'Global Unique Identifier',
  `bandate` int(10) unsigned NOT NULL DEFAULT '0',
  `unbandate` int(10) unsigned NOT NULL DEFAULT '0',
  `bannedby` varchar(50) NOT NULL,
  `banreason` varchar(255) NOT NULL,
  `active` tinyint(3) unsigned NOT NULL DEFAULT '1',
  PRIMARY KEY (`guid`,`bandate`)
) ENGINE=InnoDB DEFAULT CHARSET=utf8 COMMENT='Ban List';

# Dumping data for table characters_kargath.character_banned: ~0 rows (approximately)
DELETE FROM `character_banned`;
/*!40000 ALTER TABLE `character_banned` DISABLE KEYS */;
/*!40000 ALTER TABLE `character_banned` ENABLE KEYS */;


# Dumping structure for table characters_kargath.character_battleground_data
DROP TABLE IF EXISTS `character_battleground_data`;
CREATE TABLE IF NOT EXISTS `character_battleground_data` (
  `guid` int(10) unsigned NOT NULL DEFAULT '0' COMMENT 'Global Unique Identifier',
  `instanceId` int(10) unsigned NOT NULL COMMENT 'Instance Identifier',
  `team` smallint(5) unsigned NOT NULL,
  `joinX` float NOT NULL DEFAULT '0',
  `joinY` float NOT NULL DEFAULT '0',
  `joinZ` float NOT NULL DEFAULT '0',
  `joinO` float NOT NULL DEFAULT '0',
  `joinMapId` smallint(5) unsigned NOT NULL DEFAULT '0' COMMENT 'Map Identifier',
  `taxiStart` int(10) unsigned NOT NULL DEFAULT '0',
  `taxiEnd` int(10) unsigned NOT NULL DEFAULT '0',
  `mountSpell` mediumint(8) unsigned NOT NULL DEFAULT '0',
  PRIMARY KEY (`guid`)
) ENGINE=InnoDB DEFAULT CHARSET=utf8 COMMENT='Player System';

# Dumping data for table characters_kargath.character_battleground_data: ~3 rows (approximately)
DELETE FROM `character_battleground_data`;
/*!40000 ALTER TABLE `character_battleground_data` DISABLE KEYS */;
INSERT INTO `character_battleground_data` (`guid`, `instanceId`, `team`, `joinX`, `joinY`, `joinZ`, `joinO`, `joinMapId`, `taxiStart`, `taxiEnd`, `mountSpell`) VALUES
	(1, 0, 469, -8827.57, 633.754, 94.2744, 0.433529, 0, 0, 0, 0),
	(2, 0, 469, -8823.83, 631.375, 94.3222, 0.237176, 0, 0, 0, 0),
	(3, 0, 469, -8827.98, 637.009, 94.2478, 4.81448, 0, 0, 0, 0);
/*!40000 ALTER TABLE `character_battleground_data` ENABLE KEYS */;


# Dumping structure for table characters_kargath.character_battleground_random
DROP TABLE IF EXISTS `character_battleground_random`;
CREATE TABLE IF NOT EXISTS `character_battleground_random` (
  `guid` int(10) unsigned NOT NULL DEFAULT '0',
  PRIMARY KEY (`guid`)
) ENGINE=InnoDB DEFAULT CHARSET=utf8;

# Dumping data for table characters_kargath.character_battleground_random: ~0 rows (approximately)
DELETE FROM `character_battleground_random`;
/*!40000 ALTER TABLE `character_battleground_random` DISABLE KEYS */;
/*!40000 ALTER TABLE `character_battleground_random` ENABLE KEYS */;


# Dumping structure for table characters_kargath.character_declinedname
DROP TABLE IF EXISTS `character_declinedname`;
CREATE TABLE IF NOT EXISTS `character_declinedname` (
  `guid` int(10) unsigned NOT NULL DEFAULT '0' COMMENT 'Global Unique Identifier',
  `genitive` varchar(15) NOT NULL DEFAULT '',
  `dative` varchar(15) NOT NULL DEFAULT '',
  `accusative` varchar(15) NOT NULL DEFAULT '',
  `instrumental` varchar(15) NOT NULL DEFAULT '',
  `prepositional` varchar(15) NOT NULL DEFAULT '',
  PRIMARY KEY (`guid`)
) ENGINE=InnoDB DEFAULT CHARSET=utf8;

# Dumping data for table characters_kargath.character_declinedname: ~0 rows (approximately)
DELETE FROM `character_declinedname`;
/*!40000 ALTER TABLE `character_declinedname` DISABLE KEYS */;
/*!40000 ALTER TABLE `character_declinedname` ENABLE KEYS */;


# Dumping structure for table characters_kargath.character_equipmentsets
DROP TABLE IF EXISTS `character_equipmentsets`;
CREATE TABLE IF NOT EXISTS `character_equipmentsets` (
  `guid` int(10) NOT NULL DEFAULT '0',
  `setguid` bigint(20) NOT NULL AUTO_INCREMENT,
  `setindex` tinyint(3) unsigned NOT NULL DEFAULT '0',
  `name` varchar(31) NOT NULL,
  `iconname` varchar(100) NOT NULL,
  `item0` int(10) unsigned NOT NULL DEFAULT '0',
  `item1` int(10) unsigned NOT NULL DEFAULT '0',
  `item2` int(10) unsigned NOT NULL DEFAULT '0',
  `item3` int(10) unsigned NOT NULL DEFAULT '0',
  `item4` int(10) unsigned NOT NULL DEFAULT '0',
  `item5` int(10) unsigned NOT NULL DEFAULT '0',
  `item6` int(10) unsigned NOT NULL DEFAULT '0',
  `item7` int(10) unsigned NOT NULL DEFAULT '0',
  `item8` int(10) unsigned NOT NULL DEFAULT '0',
  `item9` int(10) unsigned NOT NULL DEFAULT '0',
  `item10` int(10) unsigned NOT NULL DEFAULT '0',
  `item11` int(10) unsigned NOT NULL DEFAULT '0',
  `item12` int(10) unsigned NOT NULL DEFAULT '0',
  `item13` int(10) unsigned NOT NULL DEFAULT '0',
  `item14` int(10) unsigned NOT NULL DEFAULT '0',
  `item15` int(10) unsigned NOT NULL DEFAULT '0',
  `item16` int(10) unsigned NOT NULL DEFAULT '0',
  `item17` int(10) unsigned NOT NULL DEFAULT '0',
  `item18` int(10) unsigned NOT NULL DEFAULT '0',
  PRIMARY KEY (`setguid`),
  UNIQUE KEY `idx_set` (`guid`,`setguid`,`setindex`),
  KEY `Idx_setindex` (`setindex`)
) ENGINE=InnoDB DEFAULT CHARSET=utf8;

# Dumping data for table characters_kargath.character_equipmentsets: ~0 rows (approximately)
DELETE FROM `character_equipmentsets`;
/*!40000 ALTER TABLE `character_equipmentsets` DISABLE KEYS */;
/*!40000 ALTER TABLE `character_equipmentsets` ENABLE KEYS */;


# Dumping structure for table characters_kargath.character_gifts
DROP TABLE IF EXISTS `character_gifts`;
CREATE TABLE IF NOT EXISTS `character_gifts` (
  `guid` int(10) unsigned NOT NULL DEFAULT '0',
  `item_guid` int(10) unsigned NOT NULL DEFAULT '0',
  `entry` int(10) unsigned NOT NULL DEFAULT '0',
  `flags` int(10) unsigned NOT NULL DEFAULT '0',
  PRIMARY KEY (`item_guid`),
  KEY `idx_guid` (`guid`)
) ENGINE=InnoDB DEFAULT CHARSET=utf8;

# Dumping data for table characters_kargath.character_gifts: ~0 rows (approximately)
DELETE FROM `character_gifts`;
/*!40000 ALTER TABLE `character_gifts` DISABLE KEYS */;
/*!40000 ALTER TABLE `character_gifts` ENABLE KEYS */;


# Dumping structure for table characters_kargath.character_glyphs
DROP TABLE IF EXISTS `character_glyphs`;
CREATE TABLE IF NOT EXISTS `character_glyphs` (
  `guid` int(10) unsigned NOT NULL,
  `spec` tinyint(3) unsigned NOT NULL DEFAULT '0',
  `glyph1` smallint(5) unsigned NOT NULL DEFAULT '0',
  `glyph2` smallint(5) unsigned DEFAULT '0',
  `glyph3` smallint(5) unsigned DEFAULT '0',
  `glyph4` smallint(5) unsigned DEFAULT '0',
  `glyph5` smallint(5) unsigned DEFAULT '0',
  `glyph6` smallint(5) unsigned DEFAULT '0',
  PRIMARY KEY (`guid`,`spec`)
) ENGINE=InnoDB DEFAULT CHARSET=utf8;

# Dumping data for table characters_kargath.character_glyphs: ~3 rows (approximately)
DELETE FROM `character_glyphs`;
/*!40000 ALTER TABLE `character_glyphs` DISABLE KEYS */;
INSERT INTO `character_glyphs` (`guid`, `spec`, `glyph1`, `glyph2`, `glyph3`, `glyph4`, `glyph5`, `glyph6`) VALUES
	(1, 0, 811, 435, 434, 671, 551, 166),
	(2, 0, 365, 0, 0, 361, 0, 677),
	(3, 0, 500, 0, 0, 762, 0, 489);
/*!40000 ALTER TABLE `character_glyphs` ENABLE KEYS */;


# Dumping structure for table characters_kargath.character_homebind
DROP TABLE IF EXISTS `character_homebind`;
CREATE TABLE IF NOT EXISTS `character_homebind` (
  `guid` int(10) unsigned NOT NULL DEFAULT '0' COMMENT 'Global Unique Identifier',
  `mapId` smallint(5) unsigned NOT NULL DEFAULT '0' COMMENT 'Map Identifier',
  `zoneId` smallint(5) unsigned NOT NULL DEFAULT '0' COMMENT 'Zone Identifier',
  `posX` float NOT NULL DEFAULT '0',
  `posY` float NOT NULL DEFAULT '0',
  `posZ` float NOT NULL DEFAULT '0',
  PRIMARY KEY (`guid`)
) ENGINE=InnoDB DEFAULT CHARSET=utf8 COMMENT='Player System';

# Dumping data for table characters_kargath.character_homebind: ~3 rows (approximately)
DELETE FROM `character_homebind`;
/*!40000 ALTER TABLE `character_homebind` DISABLE KEYS */;
INSERT INTO `character_homebind` (`guid`, `mapId`, `zoneId`, `posX`, `posY`, `posZ`) VALUES
	(1, 0, 1519, -8846.11, 606.778, 92.52),
	(2, 0, 1519, -8846.11, 606.778, 92.52),
	(3, 0, 1519, -8846.11, 606.778, 92.52);
/*!40000 ALTER TABLE `character_homebind` ENABLE KEYS */;


# Dumping structure for table characters_kargath.character_instance
DROP TABLE IF EXISTS `character_instance`;
CREATE TABLE IF NOT EXISTS `character_instance` (
  `guid` int(10) unsigned NOT NULL DEFAULT '0',
  `instance` int(10) unsigned NOT NULL DEFAULT '0',
  `permanent` tinyint(3) unsigned NOT NULL DEFAULT '0',
  PRIMARY KEY (`guid`,`instance`),
  KEY `instance` (`instance`)
) ENGINE=InnoDB DEFAULT CHARSET=utf8;

# Dumping data for table characters_kargath.character_instance: ~0 rows (approximately)
DELETE FROM `character_instance`;
/*!40000 ALTER TABLE `character_instance` DISABLE KEYS */;
/*!40000 ALTER TABLE `character_instance` ENABLE KEYS */;


# Dumping structure for table characters_kargath.character_inventory
DROP TABLE IF EXISTS `character_inventory`;
CREATE TABLE IF NOT EXISTS `character_inventory` (
  `guid` int(10) unsigned NOT NULL DEFAULT '0' COMMENT 'Global Unique Identifier',
  `bag` int(10) unsigned NOT NULL DEFAULT '0',
  `slot` tinyint(3) unsigned NOT NULL DEFAULT '0',
  `item` int(10) unsigned NOT NULL DEFAULT '0' COMMENT 'Item Global Unique Identifier',
  PRIMARY KEY (`item`),
  UNIQUE KEY `guid` (`guid`,`bag`,`slot`),
  KEY `idx_guid` (`guid`)
) ENGINE=InnoDB DEFAULT CHARSET=utf8 COMMENT='Player System';

# Dumping data for table characters_kargath.character_inventory: ~105 rows (approximately)
DELETE FROM `character_inventory`;
/*!40000 ALTER TABLE `character_inventory` DISABLE KEYS */;
INSERT INTO `character_inventory` (`guid`, `bag`, `slot`, `item`) VALUES
	(1, 0, 0, 99),
	(1, 0, 1, 100),
	(1, 0, 2, 101),
	(1, 0, 3, 102),
	(1, 0, 4, 103),
	(1, 0, 5, 104),
	(1, 0, 6, 105),
	(1, 0, 7, 106),
	(1, 0, 8, 107),
	(1, 0, 9, 108),
	(1, 0, 10, 109),
	(1, 0, 11, 110),
	(1, 0, 12, 111),
	(1, 0, 13, 112),
	(1, 0, 14, 113),
	(1, 0, 15, 114),
	(1, 0, 17, 115),
	(1, 0, 18, 116),
	(1, 0, 19, 10),
	(1, 0, 20, 12),
	(1, 0, 21, 14),
	(1, 0, 22, 16),
	(1, 0, 23, 8),
	(1, 0, 24, 18),
	(1, 0, 25, 20),
	(1, 0, 26, 22),
	(1, 0, 27, 24),
	(1, 0, 28, 26),
	(1, 0, 29, 28),
	(1, 0, 30, 30),
	(1, 0, 31, 6),
	(1, 0, 32, 2),
	(1, 0, 33, 4),
	(1, 0, 118, 176),
	(2, 0, 0, 122),
	(2, 0, 1, 123),
	(2, 0, 2, 124),
	(2, 0, 3, 125),
	(2, 0, 4, 126),
	(2, 0, 5, 127),
	(2, 0, 6, 128),
	(2, 0, 7, 129),
	(2, 0, 8, 130),
	(2, 0, 9, 131),
	(2, 0, 10, 132),
	(2, 0, 11, 133),
	(2, 0, 12, 134),
	(2, 0, 13, 135),
	(2, 0, 14, 136),
	(2, 0, 15, 137),
	(2, 0, 17, 138),
	(2, 0, 18, 139),
	(2, 0, 19, 42),
	(2, 0, 20, 48),
	(2, 0, 21, 50),
	(2, 0, 22, 52),
	(2, 0, 23, 46),
	(2, 0, 24, 54),
	(2, 0, 25, 56),
	(2, 0, 26, 58),
	(2, 0, 27, 60),
	(2, 0, 28, 62),
	(2, 0, 29, 64),
	(2, 0, 30, 66),
	(2, 0, 31, 117),
	(2, 0, 32, 118),
	(2, 0, 33, 119),
	(2, 0, 34, 120),
	(2, 0, 35, 121),
	(2, 0, 36, 173),
	(2, 0, 37, 177),
	(2, 42, 0, 44),
	(2, 42, 1, 140),
	(2, 42, 2, 145),
	(2, 42, 3, 150),
	(3, 0, 0, 154),
	(3, 0, 1, 155),
	(3, 0, 2, 156),
	(3, 0, 3, 157),
	(3, 0, 4, 158),
	(3, 0, 5, 159),
	(3, 0, 6, 160),
	(3, 0, 7, 161),
	(3, 0, 8, 162),
	(3, 0, 9, 163),
	(3, 0, 10, 164),
	(3, 0, 11, 165),
	(3, 0, 12, 166),
	(3, 0, 13, 167),
	(3, 0, 14, 168),
	(3, 0, 15, 169),
	(3, 0, 18, 171),
	(3, 0, 19, 79),
	(3, 0, 20, 81),
	(3, 0, 21, 83),
	(3, 0, 22, 85),
	(3, 0, 23, 77),
	(3, 0, 24, 87),
	(3, 0, 25, 89),
	(3, 0, 26, 91),
	(3, 0, 27, 93),
	(3, 0, 28, 95),
	(3, 0, 29, 97),
	(3, 0, 30, 174),
	(3, 0, 118, 172);
/*!40000 ALTER TABLE `character_inventory` ENABLE KEYS */;


# Dumping structure for table characters_kargath.character_pet
DROP TABLE IF EXISTS `character_pet`;
CREATE TABLE IF NOT EXISTS `character_pet` (
  `id` int(10) unsigned NOT NULL DEFAULT '0',
  `entry` int(10) unsigned NOT NULL DEFAULT '0',
  `owner` int(10) unsigned NOT NULL DEFAULT '0',
  `modelid` int(10) unsigned DEFAULT '0',
  `CreatedBySpell` mediumint(8) unsigned NOT NULL DEFAULT '0',
  `PetType` tinyint(3) unsigned NOT NULL DEFAULT '0',
  `level` smallint(5) unsigned NOT NULL DEFAULT '1',
  `exp` int(10) unsigned NOT NULL DEFAULT '0',
  `Reactstate` tinyint(3) unsigned NOT NULL DEFAULT '0',
  `name` varchar(21) NOT NULL DEFAULT 'Pet',
  `renamed` tinyint(3) unsigned NOT NULL DEFAULT '0',
  `slot` tinyint(3) unsigned NOT NULL DEFAULT '0',
  `curhealth` int(10) unsigned NOT NULL DEFAULT '1',
  `curmana` int(10) unsigned NOT NULL DEFAULT '0',
  `curhappiness` int(10) unsigned NOT NULL DEFAULT '0',
  `savetime` int(10) unsigned NOT NULL DEFAULT '0',
  `abdata` text,
  PRIMARY KEY (`id`),
  KEY `owner` (`owner`),
  KEY `idx_slot` (`slot`)
) ENGINE=InnoDB DEFAULT CHARSET=utf8 COMMENT='Pet System';

# Dumping data for table characters_kargath.character_pet: ~0 rows (approximately)
DELETE FROM `character_pet`;
/*!40000 ALTER TABLE `character_pet` DISABLE KEYS */;
/*!40000 ALTER TABLE `character_pet` ENABLE KEYS */;


# Dumping structure for table characters_kargath.character_pet_declinedname
DROP TABLE IF EXISTS `character_pet_declinedname`;
CREATE TABLE IF NOT EXISTS `character_pet_declinedname` (
  `id` int(10) unsigned NOT NULL DEFAULT '0',
  `owner` int(10) unsigned NOT NULL DEFAULT '0',
  `genitive` varchar(12) NOT NULL DEFAULT '',
  `dative` varchar(12) NOT NULL DEFAULT '',
  `accusative` varchar(12) NOT NULL DEFAULT '',
  `instrumental` varchar(12) NOT NULL DEFAULT '',
  `prepositional` varchar(12) NOT NULL DEFAULT '',
  PRIMARY KEY (`id`),
  KEY `owner_key` (`owner`)
) ENGINE=InnoDB DEFAULT CHARSET=utf8;

# Dumping data for table characters_kargath.character_pet_declinedname: ~0 rows (approximately)
DELETE FROM `character_pet_declinedname`;
/*!40000 ALTER TABLE `character_pet_declinedname` DISABLE KEYS */;
/*!40000 ALTER TABLE `character_pet_declinedname` ENABLE KEYS */;


# Dumping structure for table characters_kargath.character_queststatus
DROP TABLE IF EXISTS `character_queststatus`;
CREATE TABLE IF NOT EXISTS `character_queststatus` (
  `guid` int(10) unsigned NOT NULL DEFAULT '0' COMMENT 'Global Unique Identifier',
  `quest` int(10) unsigned NOT NULL DEFAULT '0' COMMENT 'Quest Identifier',
  `status` tinyint(3) unsigned NOT NULL DEFAULT '0',
  `explored` tinyint(3) unsigned NOT NULL DEFAULT '0',
  `timer` int(10) unsigned NOT NULL DEFAULT '0',
  `mobcount1` smallint(5) unsigned NOT NULL DEFAULT '0',
  `mobcount2` smallint(5) unsigned NOT NULL DEFAULT '0',
  `mobcount3` smallint(5) unsigned NOT NULL DEFAULT '0',
  `mobcount4` smallint(5) unsigned NOT NULL DEFAULT '0',
  `itemcount1` smallint(5) unsigned NOT NULL DEFAULT '0',
  `itemcount2` smallint(5) unsigned NOT NULL DEFAULT '0',
  `itemcount3` smallint(5) unsigned NOT NULL DEFAULT '0',
  `itemcount4` smallint(5) unsigned NOT NULL DEFAULT '0',
  `playercount` smallint(5) unsigned NOT NULL DEFAULT '0',
  PRIMARY KEY (`guid`,`quest`)
) ENGINE=InnoDB DEFAULT CHARSET=utf8 COMMENT='Player System';

# Dumping data for table characters_kargath.character_queststatus: ~0 rows (approximately)
DELETE FROM `character_queststatus`;
/*!40000 ALTER TABLE `character_queststatus` DISABLE KEYS */;
/*!40000 ALTER TABLE `character_queststatus` ENABLE KEYS */;


# Dumping structure for table characters_kargath.character_queststatus_daily
DROP TABLE IF EXISTS `character_queststatus_daily`;
CREATE TABLE IF NOT EXISTS `character_queststatus_daily` (
  `guid` int(10) unsigned NOT NULL DEFAULT '0' COMMENT 'Global Unique Identifier',
  `quest` int(10) unsigned NOT NULL DEFAULT '0' COMMENT 'Quest Identifier',
  `time` int(10) unsigned NOT NULL DEFAULT '0',
  PRIMARY KEY (`guid`,`quest`),
  KEY `idx_guid` (`guid`)
) ENGINE=InnoDB DEFAULT CHARSET=utf8 COMMENT='Player System';

# Dumping data for table characters_kargath.character_queststatus_daily: ~0 rows (approximately)
DELETE FROM `character_queststatus_daily`;
/*!40000 ALTER TABLE `character_queststatus_daily` DISABLE KEYS */;
/*!40000 ALTER TABLE `character_queststatus_daily` ENABLE KEYS */;


# Dumping structure for table characters_kargath.character_queststatus_rewarded
DROP TABLE IF EXISTS `character_queststatus_rewarded`;
CREATE TABLE IF NOT EXISTS `character_queststatus_rewarded` (
  `guid` int(10) unsigned NOT NULL DEFAULT '0' COMMENT 'Global Unique Identifier',
  `quest` int(10) unsigned NOT NULL DEFAULT '0' COMMENT 'Quest Identifier',
  PRIMARY KEY (`guid`,`quest`)
) ENGINE=InnoDB DEFAULT CHARSET=utf8 COMMENT='Player System';

# Dumping data for table characters_kargath.character_queststatus_rewarded: ~0 rows (approximately)
DELETE FROM `character_queststatus_rewarded`;
/*!40000 ALTER TABLE `character_queststatus_rewarded` DISABLE KEYS */;
/*!40000 ALTER TABLE `character_queststatus_rewarded` ENABLE KEYS */;


# Dumping structure for table characters_kargath.character_queststatus_seasonal
DROP TABLE IF EXISTS `character_queststatus_seasonal`;
CREATE TABLE IF NOT EXISTS `character_queststatus_seasonal` (
  `guid` int(10) unsigned NOT NULL DEFAULT '0' COMMENT 'Global Unique Identifier',
  `quest` int(10) unsigned NOT NULL DEFAULT '0' COMMENT 'Quest Identifier',
  `event` int(10) unsigned NOT NULL DEFAULT '0' COMMENT 'Event Identifier',
  PRIMARY KEY (`guid`,`quest`),
  KEY `idx_guid` (`guid`)
) ENGINE=InnoDB DEFAULT CHARSET=utf8 COMMENT='Player System';

# Dumping data for table characters_kargath.character_queststatus_seasonal: ~0 rows (approximately)
DELETE FROM `character_queststatus_seasonal`;
/*!40000 ALTER TABLE `character_queststatus_seasonal` DISABLE KEYS */;
/*!40000 ALTER TABLE `character_queststatus_seasonal` ENABLE KEYS */;


# Dumping structure for table characters_kargath.character_queststatus_weekly
DROP TABLE IF EXISTS `character_queststatus_weekly`;
CREATE TABLE IF NOT EXISTS `character_queststatus_weekly` (
  `guid` int(10) unsigned NOT NULL DEFAULT '0' COMMENT 'Global Unique Identifier',
  `quest` int(10) unsigned NOT NULL DEFAULT '0' COMMENT 'Quest Identifier',
  PRIMARY KEY (`guid`,`quest`),
  KEY `idx_guid` (`guid`)
) ENGINE=InnoDB DEFAULT CHARSET=utf8 COMMENT='Player System';

# Dumping data for table characters_kargath.character_queststatus_weekly: ~0 rows (approximately)
DELETE FROM `character_queststatus_weekly`;
/*!40000 ALTER TABLE `character_queststatus_weekly` DISABLE KEYS */;
/*!40000 ALTER TABLE `character_queststatus_weekly` ENABLE KEYS */;


# Dumping structure for table characters_kargath.character_reputation
DROP TABLE IF EXISTS `character_reputation`;
CREATE TABLE IF NOT EXISTS `character_reputation` (
  `guid` int(10) unsigned NOT NULL DEFAULT '0' COMMENT 'Global Unique Identifier',
  `faction` smallint(5) unsigned NOT NULL DEFAULT '0',
  `standing` int(11) NOT NULL DEFAULT '0',
  `flags` smallint(5) unsigned NOT NULL DEFAULT '0',
  PRIMARY KEY (`guid`,`faction`)
) ENGINE=InnoDB DEFAULT CHARSET=utf8 COMMENT='Player System';

# Dumping data for table characters_kargath.character_reputation: ~315 rows (approximately)
DELETE FROM `character_reputation`;
/*!40000 ALTER TABLE `character_reputation` DISABLE KEYS */;
INSERT INTO `character_reputation` (`guid`, `faction`, `standing`, `flags`) VALUES
	(1, 21, 0, 64),
	(1, 46, 0, 4),
	(1, 47, 0, 17),
	(1, 54, 0, 17),
	(1, 59, 0, 16),
	(1, 67, 0, 14),
	(1, 68, 0, 6),
	(1, 69, 0, 17),
	(1, 70, 0, 2),
	(1, 72, 0, 17),
	(1, 76, 0, 6),
	(1, 81, 0, 6),
	(1, 83, 0, 4),
	(1, 86, 0, 4),
	(1, 87, 0, 2),
	(1, 92, 0, 2),
	(1, 93, 0, 2),
	(1, 169, 0, 12),
	(1, 270, 0, 16),
	(1, 289, 0, 4),
	(1, 349, 0, 0),
	(1, 369, 0, 64),
	(1, 469, 0, 25),
	(1, 470, 0, 64),
	(1, 471, 0, 20),
	(1, 509, 0, 16),
	(1, 510, 0, 2),
	(1, 529, 0, 0),
	(1, 530, 0, 6),
	(1, 549, 0, 4),
	(1, 550, 0, 4),
	(1, 551, 0, 4),
	(1, 569, 0, 4),
	(1, 570, 0, 4),
	(1, 571, 0, 4),
	(1, 574, 0, 4),
	(1, 576, 0, 2),
	(1, 577, 0, 64),
	(1, 589, 0, 0),
	(1, 609, 0, 0),
	(1, 729, 0, 2),
	(1, 730, 0, 16),
	(1, 749, 0, 0),
	(1, 809, 0, 16),
	(1, 889, 0, 6),
	(1, 890, 0, 16),
	(1, 891, 0, 24),
	(1, 892, 0, 14),
	(1, 909, 0, 16),
	(1, 910, 0, 2),
	(1, 911, 0, 6),
	(1, 922, 0, 6),
	(1, 930, 0, 17),
	(1, 932, 0, 80),
	(1, 933, 0, 16),
	(1, 934, 0, 80),
	(1, 935, 0, 16),
	(1, 936, 0, 28),
	(1, 941, 0, 6),
	(1, 942, 0, 16),
	(1, 946, 0, 16),
	(1, 947, 0, 2),
	(1, 948, 0, 8),
	(1, 949, 0, 24),
	(1, 952, 0, 0),
	(1, 967, 0, 16),
	(1, 970, 0, 0),
	(1, 978, 0, 16),
	(1, 980, 0, 0),
	(1, 989, 0, 16),
	(1, 990, 0, 16),
	(1, 1005, 0, 4),
	(1, 1011, 0, 16),
	(1, 1012, 0, 16),
	(1, 1015, 0, 2),
	(1, 1031, 0, 16),
	(1, 1037, 0, 136),
	(1, 1038, 0, 16),
	(1, 1050, 0, 16),
	(1, 1052, 0, 2),
	(1, 1064, 0, 6),
	(1, 1067, 0, 2),
	(1, 1068, 0, 16),
	(1, 1073, 0, 16),
	(1, 1077, 0, 16),
	(1, 1082, 0, 4),
	(1, 1085, 0, 6),
	(1, 1090, 0, 16),
	(1, 1091, 0, 16),
	(1, 1094, 0, 16),
	(1, 1097, 0, 0),
	(1, 1098, 0, 16),
	(1, 1104, 0, 16),
	(1, 1105, 0, 16),
	(1, 1106, 0, 16),
	(1, 1117, 0, 12),
	(1, 1118, 0, 12),
	(1, 1119, 0, 2),
	(1, 1124, 0, 6),
	(1, 1126, 0, 16),
	(1, 1136, 0, 4),
	(1, 1137, 0, 4),
	(1, 1154, 0, 4),
	(1, 1155, 0, 4),
	(1, 1156, 0, 16),
	(2, 21, 0, 64),
	(2, 46, 0, 4),
	(2, 47, 0, 17),
	(2, 54, 0, 17),
	(2, 59, 0, 16),
	(2, 67, 0, 14),
	(2, 68, 0, 6),
	(2, 69, 0, 17),
	(2, 70, 0, 2),
	(2, 72, 0, 17),
	(2, 76, 0, 6),
	(2, 81, 0, 6),
	(2, 83, 0, 4),
	(2, 86, 0, 4),
	(2, 87, 0, 2),
	(2, 92, 0, 2),
	(2, 93, 0, 2),
	(2, 169, 0, 12),
	(2, 270, 0, 16),
	(2, 289, 0, 4),
	(2, 349, 0, 0),
	(2, 369, 0, 64),
	(2, 469, 0, 25),
	(2, 470, 0, 64),
	(2, 471, 0, 20),
	(2, 509, 0, 16),
	(2, 510, 0, 2),
	(2, 529, 0, 0),
	(2, 530, 0, 6),
	(2, 549, 0, 4),
	(2, 550, 0, 4),
	(2, 551, 0, 4),
	(2, 569, 0, 4),
	(2, 570, 0, 4),
	(2, 571, 0, 4),
	(2, 574, 0, 4),
	(2, 576, 0, 2),
	(2, 577, 0, 64),
	(2, 589, 0, 0),
	(2, 609, 0, 0),
	(2, 729, 0, 2),
	(2, 730, 0, 16),
	(2, 749, 0, 0),
	(2, 809, 0, 16),
	(2, 889, 0, 6),
	(2, 890, 35, 17),
	(2, 891, 0, 24),
	(2, 892, 0, 14),
	(2, 909, 0, 16),
	(2, 910, 0, 2),
	(2, 911, 0, 6),
	(2, 922, 0, 6),
	(2, 930, 0, 17),
	(2, 932, 0, 80),
	(2, 933, 0, 16),
	(2, 934, 0, 80),
	(2, 935, 0, 16),
	(2, 936, 0, 28),
	(2, 941, 0, 6),
	(2, 942, 0, 16),
	(2, 946, 0, 16),
	(2, 947, 0, 2),
	(2, 948, 0, 8),
	(2, 949, 0, 24),
	(2, 952, 0, 0),
	(2, 967, 0, 16),
	(2, 970, 0, 0),
	(2, 978, 0, 16),
	(2, 980, 0, 0),
	(2, 989, 0, 16),
	(2, 990, 0, 16),
	(2, 1005, 0, 4),
	(2, 1011, 0, 16),
	(2, 1012, 0, 16),
	(2, 1015, 0, 2),
	(2, 1031, 0, 16),
	(2, 1037, 0, 136),
	(2, 1038, 0, 16),
	(2, 1050, 0, 16),
	(2, 1052, 0, 2),
	(2, 1064, 0, 6),
	(2, 1067, 0, 2),
	(2, 1068, 0, 16),
	(2, 1073, 0, 16),
	(2, 1077, 0, 16),
	(2, 1082, 0, 4),
	(2, 1085, 0, 6),
	(2, 1090, 0, 16),
	(2, 1091, 0, 16),
	(2, 1094, 0, 16),
	(2, 1097, 0, 0),
	(2, 1098, 0, 16),
	(2, 1104, 0, 16),
	(2, 1105, 0, 16),
	(2, 1106, 0, 16),
	(2, 1117, 0, 12),
	(2, 1118, 0, 12),
	(2, 1119, 0, 2),
	(2, 1124, 0, 6),
	(2, 1126, 0, 16),
	(2, 1136, 0, 4),
	(2, 1137, 0, 4),
	(2, 1154, 0, 4),
	(2, 1155, 0, 4),
	(2, 1156, 0, 16),
	(3, 21, 0, 64),
	(3, 46, 0, 4),
	(3, 47, 0, 17),
	(3, 54, 0, 17),
	(3, 59, 0, 16),
	(3, 67, 0, 14),
	(3, 68, 0, 6),
	(3, 69, 0, 17),
	(3, 70, 0, 2),
	(3, 72, 0, 17),
	(3, 76, 0, 6),
	(3, 81, 0, 6),
	(3, 83, 0, 4),
	(3, 86, 0, 4),
	(3, 87, 0, 2),
	(3, 92, 0, 2),
	(3, 93, 0, 2),
	(3, 169, 0, 12),
	(3, 270, 0, 16),
	(3, 289, 0, 4),
	(3, 349, 0, 0),
	(3, 369, 0, 64),
	(3, 469, 0, 25),
	(3, 470, 0, 64),
	(3, 471, 0, 20),
	(3, 509, 0, 16),
	(3, 510, 0, 2),
	(3, 529, 0, 0),
	(3, 530, 0, 6),
	(3, 549, 0, 4),
	(3, 550, 0, 4),
	(3, 551, 0, 4),
	(3, 569, 0, 4),
	(3, 570, 0, 4),
	(3, 571, 0, 4),
	(3, 574, 0, 4),
	(3, 576, 0, 2),
	(3, 577, 0, 64),
	(3, 589, 0, 0),
	(3, 609, 0, 0),
	(3, 729, 0, 2),
	(3, 730, 0, 16),
	(3, 749, 0, 0),
	(3, 809, 0, 16),
	(3, 889, 0, 6),
	(3, 890, 0, 16),
	(3, 891, 0, 24),
	(3, 892, 0, 14),
	(3, 909, 0, 16),
	(3, 910, 0, 2),
	(3, 911, 0, 6),
	(3, 922, 0, 6),
	(3, 930, 0, 17),
	(3, 932, 0, 80),
	(3, 933, 0, 16),
	(3, 934, 0, 80),
	(3, 935, 0, 16),
	(3, 936, 0, 28),
	(3, 941, 0, 6),
	(3, 942, 0, 16),
	(3, 946, 0, 16),
	(3, 947, 0, 2),
	(3, 948, 0, 8),
	(3, 949, 0, 24),
	(3, 952, 0, 0),
	(3, 967, 0, 16),
	(3, 970, 0, 0),
	(3, 978, 0, 16),
	(3, 980, 0, 0),
	(3, 989, 0, 16),
	(3, 990, 0, 16),
	(3, 1005, 0, 4),
	(3, 1011, 0, 16),
	(3, 1012, 0, 16),
	(3, 1015, 0, 2),
	(3, 1031, 0, 16),
	(3, 1037, 0, 136),
	(3, 1038, 0, 16),
	(3, 1050, 0, 16),
	(3, 1052, 0, 2),
	(3, 1064, 0, 6),
	(3, 1067, 0, 2),
	(3, 1068, 0, 16),
	(3, 1073, 0, 16),
	(3, 1077, 0, 16),
	(3, 1082, 0, 4),
	(3, 1085, 0, 6),
	(3, 1090, 0, 16),
	(3, 1091, 0, 16),
	(3, 1094, 0, 16),
	(3, 1097, 0, 0),
	(3, 1098, 0, 16),
	(3, 1104, 0, 16),
	(3, 1105, 0, 16),
	(3, 1106, 0, 16),
	(3, 1117, 0, 12),
	(3, 1118, 0, 12),
	(3, 1119, 0, 2),
	(3, 1124, 0, 6),
	(3, 1126, 0, 16),
	(3, 1136, 0, 4),
	(3, 1137, 0, 4),
	(3, 1154, 0, 4),
	(3, 1155, 0, 4),
	(3, 1156, 0, 16);
/*!40000 ALTER TABLE `character_reputation` ENABLE KEYS */;


# Dumping structure for table characters_kargath.character_skills
DROP TABLE IF EXISTS `character_skills`;
CREATE TABLE IF NOT EXISTS `character_skills` (
  `guid` int(10) unsigned NOT NULL COMMENT 'Global Unique Identifier',
  `skill` smallint(5) unsigned NOT NULL,
  `value` smallint(5) unsigned NOT NULL,
  `max` smallint(5) unsigned NOT NULL,
  PRIMARY KEY (`guid`,`skill`)
) ENGINE=InnoDB DEFAULT CHARSET=utf8 COMMENT='Player System';

# Dumping data for table characters_kargath.character_skills: ~60 rows (approximately)
DELETE FROM `character_skills`;
/*!40000 ALTER TABLE `character_skills` DISABLE KEYS */;
INSERT INTO `character_skills` (`guid`, `skill`, `value`, `max`) VALUES
	(1, 54, 400, 400),
	(1, 95, 400, 400),
	(1, 98, 300, 300),
	(1, 113, 300, 300),
	(1, 136, 400, 400),
	(1, 160, 400, 400),
	(1, 162, 400, 400),
	(1, 173, 400, 400),
	(1, 229, 400, 400),
	(1, 414, 1, 1),
	(1, 415, 1, 1),
	(1, 473, 1, 1),
	(1, 573, 1, 1),
	(1, 574, 1, 1),
	(1, 762, 300, 300),
	(2, 43, 400, 400),
	(2, 44, 400, 400),
	(2, 45, 400, 400),
	(2, 46, 400, 400),
	(2, 51, 1, 1),
	(2, 55, 400, 400),
	(2, 95, 400, 400),
	(2, 98, 300, 300),
	(2, 113, 300, 300),
	(2, 118, 1, 400),
	(2, 136, 400, 400),
	(2, 162, 400, 400),
	(2, 163, 1, 1),
	(2, 172, 400, 400),
	(2, 173, 400, 400),
	(2, 226, 400, 400),
	(2, 229, 400, 400),
	(2, 413, 1, 1),
	(2, 414, 1, 1),
	(2, 415, 1, 1),
	(2, 473, 1, 1),
	(2, 762, 300, 300),
	(3, 26, 1, 1),
	(3, 43, 400, 400),
	(3, 44, 400, 400),
	(3, 45, 400, 400),
	(3, 46, 400, 400),
	(3, 54, 400, 400),
	(3, 55, 400, 400),
	(3, 95, 400, 400),
	(3, 98, 300, 300),
	(3, 118, 400, 400),
	(3, 136, 400, 400),
	(3, 160, 400, 400),
	(3, 162, 400, 400),
	(3, 172, 400, 400),
	(3, 173, 400, 400),
	(3, 226, 400, 400),
	(3, 229, 400, 400),
	(3, 293, 1, 1),
	(3, 413, 1, 1),
	(3, 414, 1, 1),
	(3, 415, 1, 1),
	(3, 433, 1, 1),
	(3, 473, 1, 1);
/*!40000 ALTER TABLE `character_skills` ENABLE KEYS */;


# Dumping structure for table characters_kargath.character_social
DROP TABLE IF EXISTS `character_social`;
CREATE TABLE IF NOT EXISTS `character_social` (
  `guid` int(10) unsigned NOT NULL DEFAULT '0' COMMENT 'Character Global Unique Identifier',
  `friend` int(10) unsigned NOT NULL DEFAULT '0' COMMENT 'Friend Global Unique Identifier',
  `flags` tinyint(3) unsigned NOT NULL DEFAULT '0' COMMENT 'Friend Flags',
  `note` varchar(48) NOT NULL DEFAULT '' COMMENT 'Friend Note',
  PRIMARY KEY (`guid`,`friend`,`flags`),
  KEY `friend` (`friend`)
) ENGINE=InnoDB DEFAULT CHARSET=utf8 COMMENT='Player System';

# Dumping data for table characters_kargath.character_social: ~0 rows (approximately)
DELETE FROM `character_social`;
/*!40000 ALTER TABLE `character_social` DISABLE KEYS */;
/*!40000 ALTER TABLE `character_social` ENABLE KEYS */;


# Dumping structure for table characters_kargath.character_spell
DROP TABLE IF EXISTS `character_spell`;
CREATE TABLE IF NOT EXISTS `character_spell` (
  `guid` int(10) unsigned NOT NULL DEFAULT '0' COMMENT 'Global Unique Identifier',
  `spell` mediumint(8) unsigned NOT NULL DEFAULT '0' COMMENT 'Spell Identifier',
  `active` tinyint(3) unsigned NOT NULL DEFAULT '1',
  `disabled` tinyint(3) unsigned NOT NULL DEFAULT '0',
  PRIMARY KEY (`guid`,`spell`)
) ENGINE=InnoDB DEFAULT CHARSET=utf8 COMMENT='Player System';

# Dumping data for table characters_kargath.character_spell: ~297 rows (approximately)
DELETE FROM `character_spell`;
/*!40000 ALTER TABLE `character_spell` DISABLE KEYS */;
INSERT INTO `character_spell` (`guid`, `spell`, `active`, `disabled`) VALUES
	(1, 198, 1, 0),
	(1, 199, 1, 0),
	(1, 200, 1, 0),
	(1, 768, 1, 0),
	(1, 770, 1, 0),
	(1, 783, 1, 0),
	(1, 1066, 1, 0),
	(1, 2782, 1, 0),
	(1, 2893, 1, 0),
	(1, 5209, 1, 0),
	(1, 5215, 1, 0),
	(1, 5225, 1, 0),
	(1, 5229, 1, 0),
	(1, 8946, 1, 0),
	(1, 8983, 1, 0),
	(1, 9634, 1, 0),
	(1, 15590, 1, 0),
	(1, 16835, 1, 0),
	(1, 16857, 1, 0),
	(1, 16862, 1, 0),
	(1, 16864, 1, 0),
	(1, 16936, 1, 0),
	(1, 16941, 1, 0),
	(1, 16944, 1, 0),
	(1, 16954, 1, 0),
	(1, 16961, 1, 0),
	(1, 16968, 1, 0),
	(1, 16975, 1, 0),
	(1, 16979, 1, 0),
	(1, 16999, 1, 0),
	(1, 17007, 1, 0),
	(1, 17061, 1, 0),
	(1, 17073, 1, 0),
	(1, 18658, 1, 0),
	(1, 20719, 1, 0),
	(1, 22812, 1, 0),
	(1, 22842, 1, 0),
	(1, 24866, 1, 0),
	(1, 24894, 1, 0),
	(1, 26995, 1, 0),
	(1, 29166, 1, 0),
	(1, 33357, 1, 0),
	(1, 33786, 1, 0),
	(1, 33852, 1, 0),
	(1, 33856, 1, 0),
	(1, 33866, 1, 0),
	(1, 33873, 1, 0),
	(1, 33917, 1, 0),
	(1, 34091, 1, 0),
	(1, 34300, 1, 0),
	(1, 37117, 1, 0),
	(1, 48378, 1, 0),
	(1, 48441, 1, 0),
	(1, 48443, 1, 0),
	(1, 48447, 1, 0),
	(1, 48451, 1, 0),
	(1, 48461, 1, 0),
	(1, 48463, 1, 0),
	(1, 48465, 1, 0),
	(1, 48467, 1, 0),
	(1, 48469, 1, 0),
	(1, 48470, 1, 0),
	(1, 48477, 1, 0),
	(1, 48480, 1, 0),
	(1, 48485, 1, 0),
	(1, 48495, 1, 0),
	(1, 48560, 1, 0),
	(1, 48562, 1, 0),
	(1, 48564, 1, 0),
	(1, 48566, 1, 0),
	(1, 48568, 1, 0),
	(1, 48570, 1, 0),
	(1, 48572, 1, 0),
	(1, 48574, 1, 0),
	(1, 48575, 1, 0),
	(1, 48577, 1, 0),
	(1, 48579, 1, 0),
	(1, 49376, 1, 0),
	(1, 49377, 1, 0),
	(1, 49800, 1, 0),
	(1, 49802, 1, 0),
	(1, 49803, 1, 0),
	(1, 50213, 1, 0),
	(1, 50334, 1, 0),
	(1, 50464, 1, 0),
	(1, 50763, 1, 0),
	(1, 51269, 1, 0),
	(1, 52610, 1, 0),
	(1, 53307, 1, 0),
	(1, 53308, 1, 0),
	(1, 53312, 1, 0),
	(1, 54197, 1, 0),
	(1, 61336, 1, 0),
	(1, 62078, 1, 0),
	(1, 62600, 1, 0),
	(1, 63503, 1, 0),
	(2, 196, 1, 0),
	(2, 200, 1, 0),
	(2, 201, 1, 0),
	(2, 202, 1, 0),
	(2, 227, 1, 0),
	(2, 266, 1, 0),
	(2, 674, 1, 0),
	(2, 781, 1, 0),
	(2, 883, 1, 0),
	(2, 982, 1, 0),
	(2, 1002, 1, 0),
	(2, 1462, 1, 0),
	(2, 1494, 1, 0),
	(2, 1515, 1, 0),
	(2, 1543, 1, 0),
	(2, 2641, 1, 0),
	(2, 2974, 1, 0),
	(2, 3034, 1, 0),
	(2, 3043, 1, 0),
	(2, 3045, 1, 0),
	(2, 3127, 1, 0),
	(2, 5011, 1, 0),
	(2, 5116, 1, 0),
	(2, 5118, 1, 0),
	(2, 5384, 1, 0),
	(2, 6197, 1, 0),
	(2, 6991, 1, 0),
	(2, 8737, 1, 0),
	(2, 13159, 1, 0),
	(2, 13161, 1, 0),
	(2, 13163, 1, 0),
	(2, 13809, 1, 0),
	(2, 14311, 1, 0),
	(2, 14327, 1, 0),
	(2, 15590, 1, 0),
	(2, 19263, 1, 0),
	(2, 19287, 1, 0),
	(2, 19388, 1, 0),
	(2, 19431, 1, 0),
	(2, 19466, 1, 0),
	(2, 19490, 1, 0),
	(2, 19500, 1, 0),
	(2, 19503, 1, 0),
	(2, 19506, 1, 0),
	(2, 19509, 1, 0),
	(2, 19801, 1, 0),
	(2, 19878, 1, 0),
	(2, 19879, 1, 0),
	(2, 19880, 1, 0),
	(2, 19882, 1, 0),
	(2, 19883, 1, 0),
	(2, 19884, 1, 0),
	(2, 19885, 1, 0),
	(2, 20736, 1, 0),
	(2, 23989, 1, 0),
	(2, 24283, 1, 0),
	(2, 24691, 1, 0),
	(2, 27044, 1, 0),
	(2, 34026, 1, 0),
	(2, 34074, 1, 0),
	(2, 34091, 1, 0),
	(2, 34476, 1, 0),
	(2, 34477, 1, 0),
	(2, 34484, 1, 0),
	(2, 34489, 1, 0),
	(2, 34490, 1, 0),
	(2, 34496, 1, 0),
	(2, 34600, 1, 0),
	(2, 35102, 1, 0),
	(2, 48990, 1, 0),
	(2, 48996, 1, 0),
	(2, 49001, 1, 0),
	(2, 49045, 1, 0),
	(2, 49048, 1, 0),
	(2, 49050, 1, 0),
	(2, 49052, 1, 0),
	(2, 49056, 1, 0),
	(2, 49067, 1, 0),
	(2, 49071, 1, 0),
	(2, 52788, 1, 0),
	(2, 53209, 1, 0),
	(2, 53217, 1, 0),
	(2, 53232, 1, 0),
	(2, 53238, 1, 0),
	(2, 53246, 1, 0),
	(2, 53271, 1, 0),
	(2, 53338, 1, 0),
	(2, 53339, 1, 0),
	(2, 53622, 1, 0),
	(2, 54197, 1, 0),
	(2, 58434, 1, 0),
	(2, 60192, 1, 0),
	(2, 61006, 1, 0),
	(2, 61847, 1, 0),
	(2, 62757, 1, 0),
	(3, 71, 1, 0),
	(3, 72, 1, 0),
	(3, 197, 1, 0),
	(3, 199, 1, 0),
	(3, 200, 1, 0),
	(3, 227, 1, 0),
	(3, 264, 1, 0),
	(3, 266, 1, 0),
	(3, 355, 1, 0),
	(3, 674, 1, 0),
	(3, 676, 1, 0),
	(3, 694, 1, 0),
	(3, 871, 1, 0),
	(3, 1161, 1, 0),
	(3, 1180, 1, 0),
	(3, 1680, 1, 0),
	(3, 1715, 1, 0),
	(3, 1719, 1, 0),
	(3, 2458, 1, 0),
	(3, 2565, 1, 0),
	(3, 2687, 1, 0),
	(3, 3127, 1, 0),
	(3, 3411, 1, 0),
	(3, 5011, 1, 0),
	(3, 5246, 1, 0),
	(3, 6552, 1, 0),
	(3, 7384, 1, 0),
	(3, 7386, 1, 0),
	(3, 11578, 1, 0),
	(3, 12292, 1, 1),
	(3, 12323, 1, 0),
	(3, 12328, 1, 0),
	(3, 12658, 1, 0),
	(3, 12666, 1, 1),
	(3, 12677, 1, 0),
	(3, 12678, 1, 0),
	(3, 12712, 1, 0),
	(3, 12726, 1, 1),
	(3, 12750, 1, 1),
	(3, 12785, 1, 0),
	(3, 12799, 1, 1),
	(3, 12804, 1, 1),
	(3, 12835, 1, 0),
	(3, 12856, 1, 0),
	(3, 12867, 1, 0),
	(3, 12876, 1, 1),
	(3, 12960, 1, 0),
	(3, 12963, 1, 0),
	(3, 12973, 1, 1),
	(3, 12975, 1, 1),
	(3, 12999, 1, 1),
	(3, 15590, 1, 0),
	(3, 16464, 1, 0),
	(3, 16491, 1, 0),
	(3, 16492, 1, 0),
	(3, 16494, 1, 0),
	(3, 18499, 1, 0),
	(3, 20230, 1, 0),
	(3, 20252, 1, 0),
	(3, 20503, 1, 1),
	(3, 20505, 1, 0),
	(3, 23585, 1, 1),
	(3, 23881, 1, 1),
	(3, 23920, 1, 0),
	(3, 29592, 1, 1),
	(3, 29599, 1, 1),
	(3, 29623, 1, 0),
	(3, 29724, 1, 0),
	(3, 29763, 1, 1),
	(3, 29776, 1, 1),
	(3, 29801, 1, 1),
	(3, 29838, 1, 0),
	(3, 29859, 1, 0),
	(3, 29889, 1, 1),
	(3, 34428, 1, 0),
	(3, 35449, 1, 0),
	(3, 46855, 1, 0),
	(3, 46860, 1, 0),
	(3, 46866, 1, 0),
	(3, 46909, 1, 1),
	(3, 46911, 1, 1),
	(3, 46914, 1, 1),
	(3, 46917, 1, 1),
	(3, 46924, 1, 0),
	(3, 47436, 1, 0),
	(3, 47437, 1, 0),
	(3, 47440, 1, 0),
	(3, 47450, 1, 0),
	(3, 47465, 1, 0),
	(3, 47471, 1, 0),
	(3, 47475, 1, 0),
	(3, 47486, 1, 0),
	(3, 47488, 1, 0),
	(3, 47502, 1, 0),
	(3, 47520, 1, 0),
	(3, 50687, 1, 1),
	(3, 55694, 1, 0),
	(3, 56614, 1, 0),
	(3, 56638, 1, 0),
	(3, 56932, 1, 1),
	(3, 57755, 1, 0),
	(3, 57823, 1, 0),
	(3, 60970, 1, 1),
	(3, 61222, 1, 0),
	(3, 64382, 1, 0),
	(3, 64976, 1, 0);
/*!40000 ALTER TABLE `character_spell` ENABLE KEYS */;


# Dumping structure for table characters_kargath.character_spell_cooldown
DROP TABLE IF EXISTS `character_spell_cooldown`;
CREATE TABLE IF NOT EXISTS `character_spell_cooldown` (
  `guid` int(10) unsigned NOT NULL DEFAULT '0' COMMENT 'Global Unique Identifier, Low part',
  `spell` mediumint(8) unsigned NOT NULL DEFAULT '0' COMMENT 'Spell Identifier',
  `item` int(10) unsigned NOT NULL DEFAULT '0' COMMENT 'Item Identifier',
  `time` int(10) unsigned NOT NULL DEFAULT '0',
  PRIMARY KEY (`guid`,`spell`)
) ENGINE=InnoDB DEFAULT CHARSET=utf8;

# Dumping data for table characters_kargath.character_spell_cooldown: ~0 rows (approximately)
DELETE FROM `character_spell_cooldown`;
/*!40000 ALTER TABLE `character_spell_cooldown` DISABLE KEYS */;
/*!40000 ALTER TABLE `character_spell_cooldown` ENABLE KEYS */;


# Dumping structure for table characters_kargath.character_stats
DROP TABLE IF EXISTS `character_stats`;
CREATE TABLE IF NOT EXISTS `character_stats` (
  `guid` int(10) unsigned NOT NULL DEFAULT '0' COMMENT 'Global Unique Identifier, Low part',
  `maxhealth` int(10) unsigned NOT NULL DEFAULT '0',
  `maxpower1` int(10) unsigned NOT NULL DEFAULT '0',
  `maxpower2` int(10) unsigned NOT NULL DEFAULT '0',
  `maxpower3` int(10) unsigned NOT NULL DEFAULT '0',
  `maxpower4` int(10) unsigned NOT NULL DEFAULT '0',
  `maxpower5` int(10) unsigned NOT NULL DEFAULT '0',
  `maxpower6` int(10) unsigned NOT NULL DEFAULT '0',
  `maxpower7` int(10) unsigned NOT NULL DEFAULT '0',
  `strength` int(10) unsigned NOT NULL DEFAULT '0',
  `agility` int(10) unsigned NOT NULL DEFAULT '0',
  `stamina` int(10) unsigned NOT NULL DEFAULT '0',
  `intellect` int(10) unsigned NOT NULL DEFAULT '0',
  `spirit` int(10) unsigned NOT NULL DEFAULT '0',
  `armor` int(10) unsigned NOT NULL DEFAULT '0',
  `resHoly` int(10) unsigned NOT NULL DEFAULT '0',
  `resFire` int(10) unsigned NOT NULL DEFAULT '0',
  `resNature` int(10) unsigned NOT NULL DEFAULT '0',
  `resFrost` int(10) unsigned NOT NULL DEFAULT '0',
  `resShadow` int(10) unsigned NOT NULL DEFAULT '0',
  `resArcane` int(10) unsigned NOT NULL DEFAULT '0',
  `blockPct` float unsigned NOT NULL DEFAULT '0',
  `dodgePct` float unsigned NOT NULL DEFAULT '0',
  `parryPct` float unsigned NOT NULL DEFAULT '0',
  `critPct` float unsigned NOT NULL DEFAULT '0',
  `rangedCritPct` float unsigned NOT NULL DEFAULT '0',
  `spellCritPct` float unsigned NOT NULL DEFAULT '0',
  `attackPower` int(10) unsigned NOT NULL DEFAULT '0',
  `rangedAttackPower` int(10) unsigned NOT NULL DEFAULT '0',
  `spellPower` int(10) unsigned NOT NULL DEFAULT '0',
  `resilience` int(10) unsigned NOT NULL DEFAULT '0',
  PRIMARY KEY (`guid`)
) ENGINE=InnoDB DEFAULT CHARSET=utf8;

# Dumping data for table characters_kargath.character_stats: ~3 rows (approximately)
DELETE FROM `character_stats`;
/*!40000 ALTER TABLE `character_stats` DISABLE KEYS */;
INSERT INTO `character_stats` (`guid`, `maxhealth`, `maxpower1`, `maxpower2`, `maxpower3`, `maxpower4`, `maxpower5`, `maxpower6`, `maxpower7`, `strength`, `agility`, `stamina`, `intellect`, `spirit`, `armor`, `resHoly`, `resFire`, `resNature`, `resFrost`, `resShadow`, `resArcane`, `blockPct`, `dodgePct`, `parryPct`, `critPct`, `rangedCritPct`, `spellCritPct`, `attackPower`, `rangedAttackPower`, `spellPower`, `resilience`) VALUES
	(1, 34427, 8241, 1000, 0, 100, 0, 0, 1000, 143, 1746, 2719, 335, 321, 8297, 54, 54, 54, 54, 130, 54, 0, 38.726, 0, 56.9416, 40.9416, 0, 6319, 0, 0, 1158),
	(2, 31914, 17666, 1000, 0, 100, 0, 0, 1000, 129, 1655, 2477, 860, 246, 12878, 54, 54, 54, 54, 130, 54, 0, 13.4821, 5, 47.4861, 52.4861, 0, 1924, 1805, 0, 978),
	(3, 33111, 0, 1000, 0, 100, 0, 0, 1000, 1407, 413, 2517, 36, 61, 16402, 0, 0, 0, 0, 0, 0, 5, 8.5615, 8, 42.9749, 16.9749, 0, 3034, 483, 0, 974);
/*!40000 ALTER TABLE `character_stats` ENABLE KEYS */;


# Dumping structure for table characters_kargath.character_talent
DROP TABLE IF EXISTS `character_talent`;
CREATE TABLE IF NOT EXISTS `character_talent` (
  `guid` int(10) unsigned NOT NULL,
  `spell` mediumint(8) unsigned NOT NULL,
  `spec` tinyint(3) unsigned NOT NULL DEFAULT '0',
  PRIMARY KEY (`guid`,`spell`,`spec`)
) ENGINE=InnoDB DEFAULT CHARSET=utf8;

# Dumping data for table characters_kargath.character_talent: ~83 rows (approximately)
DELETE FROM `character_talent`;
/*!40000 ALTER TABLE `character_talent` DISABLE KEYS */;
INSERT INTO `character_talent` (`guid`, `spell`, `spec`) VALUES
	(1, 16835, 0),
	(1, 16862, 0),
	(1, 16864, 0),
	(1, 16936, 0),
	(1, 16941, 0),
	(1, 16944, 0),
	(1, 16968, 0),
	(1, 16975, 0),
	(1, 16999, 0),
	(1, 17007, 0),
	(1, 17061, 0),
	(1, 17073, 0),
	(1, 24866, 0),
	(1, 24894, 0),
	(1, 33852, 0),
	(1, 33856, 0),
	(1, 33866, 0),
	(1, 33873, 0),
	(1, 33917, 0),
	(1, 34300, 0),
	(1, 37117, 0),
	(1, 48485, 0),
	(1, 48495, 0),
	(1, 49377, 0),
	(1, 50334, 0),
	(1, 51269, 0),
	(1, 61336, 0),
	(1, 63503, 0),
	(2, 19287, 0),
	(2, 19388, 0),
	(2, 19431, 0),
	(2, 19434, 0),
	(2, 19466, 0),
	(2, 19490, 0),
	(2, 19500, 0),
	(2, 19503, 0),
	(2, 19506, 0),
	(2, 19509, 0),
	(2, 23989, 0),
	(2, 24283, 0),
	(2, 24691, 0),
	(2, 34476, 0),
	(2, 34484, 0),
	(2, 34489, 0),
	(2, 34490, 0),
	(2, 34496, 0),
	(2, 35102, 0),
	(2, 52788, 0),
	(2, 53209, 0),
	(2, 53217, 0),
	(2, 53232, 0),
	(2, 53238, 0),
	(2, 53246, 0),
	(2, 53622, 0),
	(3, 12294, 0),
	(3, 12323, 0),
	(3, 12328, 0),
	(3, 12658, 0),
	(3, 12677, 0),
	(3, 12712, 0),
	(3, 12785, 0),
	(3, 12835, 0),
	(3, 12856, 0),
	(3, 12867, 0),
	(3, 12960, 0),
	(3, 12963, 0),
	(3, 16464, 0),
	(3, 16492, 0),
	(3, 16494, 0),
	(3, 20505, 0),
	(3, 29623, 0),
	(3, 29724, 0),
	(3, 29838, 0),
	(3, 29859, 0),
	(3, 35449, 0),
	(3, 46855, 0),
	(3, 46860, 0),
	(3, 46866, 0),
	(3, 46924, 0),
	(3, 56614, 0),
	(3, 56638, 0),
	(3, 61222, 0),
	(3, 64976, 0);
/*!40000 ALTER TABLE `character_talent` ENABLE KEYS */;


# Dumping structure for table characters_kargath.character_transmog
DROP TABLE IF EXISTS `character_transmog`;
CREATE TABLE IF NOT EXISTS `character_transmog` (
  `player_guid` int(10) DEFAULT NULL,
  `item_guid` int(10) DEFAULT NULL,
  `item_entry` int(10) DEFAULT NULL
) ENGINE=InnoDB DEFAULT CHARSET=latin1;

# Dumping data for table characters_kargath.character_transmog: ~0 rows (approximately)
DELETE FROM `character_transmog`;
/*!40000 ALTER TABLE `character_transmog` DISABLE KEYS */;
/*!40000 ALTER TABLE `character_transmog` ENABLE KEYS */;


# Dumping structure for table characters_kargath.corpse
DROP TABLE IF EXISTS `corpse`;
CREATE TABLE IF NOT EXISTS `corpse` (
  `corpseGuid` int(10) unsigned NOT NULL DEFAULT '0' COMMENT 'Global Unique Identifier',
  `guid` int(10) unsigned NOT NULL DEFAULT '0' COMMENT 'Character Global Unique Identifier',
  `posX` float NOT NULL DEFAULT '0',
  `posY` float NOT NULL DEFAULT '0',
  `posZ` float NOT NULL DEFAULT '0',
  `orientation` float NOT NULL DEFAULT '0',
  `mapId` smallint(5) unsigned NOT NULL DEFAULT '0' COMMENT 'Map Identifier',
  `phaseMask` smallint(5) unsigned NOT NULL DEFAULT '1',
  `displayId` int(10) unsigned NOT NULL DEFAULT '0',
  `itemCache` text NOT NULL,
  `bytes1` int(10) unsigned NOT NULL DEFAULT '0',
  `bytes2` int(10) unsigned NOT NULL DEFAULT '0',
  `guildId` int(10) unsigned NOT NULL DEFAULT '0',
  `flags` tinyint(3) unsigned NOT NULL DEFAULT '0',
  `dynFlags` tinyint(3) unsigned NOT NULL DEFAULT '0',
  `time` int(10) unsigned NOT NULL DEFAULT '0',
  `corpseType` tinyint(3) unsigned NOT NULL DEFAULT '0',
  `instanceId` int(10) unsigned NOT NULL DEFAULT '0' COMMENT 'Instance Identifier',
  PRIMARY KEY (`corpseGuid`),
  KEY `idx_type` (`corpseType`),
  KEY `idx_instance` (`instanceId`),
  KEY `idx_player` (`guid`),
  KEY `idx_time` (`time`)
) ENGINE=InnoDB DEFAULT CHARSET=utf8 COMMENT='Death System';

# Dumping data for table characters_kargath.corpse: ~0 rows (approximately)
DELETE FROM `corpse`;
/*!40000 ALTER TABLE `corpse` DISABLE KEYS */;
/*!40000 ALTER TABLE `corpse` ENABLE KEYS */;


# Dumping structure for table characters_kargath.creature_respawn
DROP TABLE IF EXISTS `creature_respawn`;
CREATE TABLE IF NOT EXISTS `creature_respawn` (
  `guid` int(10) unsigned NOT NULL DEFAULT '0' COMMENT 'Global Unique Identifier',
  `respawnTime` int(10) unsigned NOT NULL DEFAULT '0',
  `instanceId` int(10) unsigned NOT NULL DEFAULT '0' COMMENT 'Instance Identifier',
  PRIMARY KEY (`guid`,`instanceId`),
  KEY `idx_instance` (`instanceId`)
) ENGINE=InnoDB DEFAULT CHARSET=utf8 COMMENT='Grid Loading System';

# Dumping data for table characters_kargath.creature_respawn: ~0 rows (approximately)
DELETE FROM `creature_respawn`;
/*!40000 ALTER TABLE `creature_respawn` DISABLE KEYS */;
/*!40000 ALTER TABLE `creature_respawn` ENABLE KEYS */;


# Dumping structure for table characters_kargath.gameobject_respawn
DROP TABLE IF EXISTS `gameobject_respawn`;
CREATE TABLE IF NOT EXISTS `gameobject_respawn` (
  `guid` int(10) unsigned NOT NULL DEFAULT '0' COMMENT 'Global Unique Identifier',
  `respawnTime` int(10) unsigned NOT NULL DEFAULT '0',
  `instanceId` int(10) unsigned NOT NULL DEFAULT '0' COMMENT 'Instance Identifier',
  PRIMARY KEY (`guid`,`instanceId`),
  KEY `idx_instance` (`instanceId`)
) ENGINE=InnoDB DEFAULT CHARSET=utf8 COMMENT='Grid Loading System';

# Dumping data for table characters_kargath.gameobject_respawn: ~0 rows (approximately)
DELETE FROM `gameobject_respawn`;
/*!40000 ALTER TABLE `gameobject_respawn` DISABLE KEYS */;
/*!40000 ALTER TABLE `gameobject_respawn` ENABLE KEYS */;


# Dumping structure for table characters_kargath.game_event_condition_save
DROP TABLE IF EXISTS `game_event_condition_save`;
CREATE TABLE IF NOT EXISTS `game_event_condition_save` (
  `eventEntry` tinyint(3) unsigned NOT NULL,
  `condition_id` int(10) unsigned NOT NULL DEFAULT '0',
  `done` float DEFAULT '0',
  PRIMARY KEY (`eventEntry`,`condition_id`)
) ENGINE=InnoDB DEFAULT CHARSET=utf8;

# Dumping data for table characters_kargath.game_event_condition_save: ~0 rows (approximately)
DELETE FROM `game_event_condition_save`;
/*!40000 ALTER TABLE `game_event_condition_save` DISABLE KEYS */;
/*!40000 ALTER TABLE `game_event_condition_save` ENABLE KEYS */;


# Dumping structure for table characters_kargath.game_event_save
DROP TABLE IF EXISTS `game_event_save`;
CREATE TABLE IF NOT EXISTS `game_event_save` (
  `eventEntry` tinyint(3) unsigned NOT NULL,
  `state` tinyint(3) unsigned NOT NULL DEFAULT '1',
  `next_start` int(10) unsigned NOT NULL DEFAULT '0',
  PRIMARY KEY (`eventEntry`)
) ENGINE=InnoDB DEFAULT CHARSET=utf8;

# Dumping data for table characters_kargath.game_event_save: ~15 rows (approximately)
DELETE FROM `game_event_save`;
/*!40000 ALTER TABLE `game_event_save` DISABLE KEYS */;
INSERT INTO `game_event_save` (`eventEntry`, `state`, `next_start`) VALUES
	(33, 2, 0),
	(34, 2, 0),
	(35, 2, 0),
	(36, 2, 0),
	(37, 2, 0),
	(38, 2, 0),
	(39, 2, 0),
	(40, 2, 0),
	(41, 2, 0),
	(42, 2, 0),
	(43, 2, 0),
	(44, 2, 0),
	(45, 2, 0),
	(46, 2, 0),
	(47, 2, 0);
/*!40000 ALTER TABLE `game_event_save` ENABLE KEYS */;


# Dumping structure for table characters_kargath.gm_subsurveys
DROP TABLE IF EXISTS `gm_subsurveys`;
CREATE TABLE IF NOT EXISTS `gm_subsurveys` (
  `surveyId` int(10) unsigned NOT NULL AUTO_INCREMENT,
  `subsurveyId` int(10) unsigned NOT NULL DEFAULT '0',
  `rank` int(10) unsigned NOT NULL DEFAULT '0',
  `comment` text NOT NULL,
  PRIMARY KEY (`surveyId`,`subsurveyId`)
) ENGINE=InnoDB DEFAULT CHARSET=utf8 COMMENT='Player System';

# Dumping data for table characters_kargath.gm_subsurveys: ~0 rows (approximately)
DELETE FROM `gm_subsurveys`;
/*!40000 ALTER TABLE `gm_subsurveys` DISABLE KEYS */;
/*!40000 ALTER TABLE `gm_subsurveys` ENABLE KEYS */;


# Dumping structure for table characters_kargath.gm_surveys
DROP TABLE IF EXISTS `gm_surveys`;
CREATE TABLE IF NOT EXISTS `gm_surveys` (
  `surveyId` int(10) unsigned NOT NULL AUTO_INCREMENT,
  `guid` int(10) unsigned NOT NULL DEFAULT '0',
  `mainSurvey` int(10) unsigned NOT NULL DEFAULT '0',
  `overallComment` longtext NOT NULL,
  `createTime` int(10) unsigned NOT NULL DEFAULT '0',
  PRIMARY KEY (`surveyId`)
) ENGINE=InnoDB DEFAULT CHARSET=utf8 COMMENT='Player System';

# Dumping data for table characters_kargath.gm_surveys: ~0 rows (approximately)
DELETE FROM `gm_surveys`;
/*!40000 ALTER TABLE `gm_surveys` DISABLE KEYS */;
/*!40000 ALTER TABLE `gm_surveys` ENABLE KEYS */;


# Dumping structure for table characters_kargath.gm_tickets
DROP TABLE IF EXISTS `gm_tickets`;
CREATE TABLE IF NOT EXISTS `gm_tickets` (
  `ticketId` int(10) unsigned NOT NULL AUTO_INCREMENT,
  `guid` int(10) unsigned NOT NULL DEFAULT '0' COMMENT 'Global Unique Identifier of ticket creator',
  `name` varchar(12) NOT NULL COMMENT 'Name of ticket creator',
  `message` text NOT NULL,
  `createTime` int(10) unsigned NOT NULL DEFAULT '0',
  `mapId` smallint(5) unsigned NOT NULL DEFAULT '0',
  `posX` float NOT NULL DEFAULT '0',
  `posY` float NOT NULL DEFAULT '0',
  `posZ` float NOT NULL DEFAULT '0',
  `lastModifiedTime` int(10) unsigned NOT NULL DEFAULT '0',
  `closedBy` int(10) NOT NULL DEFAULT '0',
  `assignedTo` int(10) unsigned NOT NULL DEFAULT '0' COMMENT 'GUID of admin to whom ticket is assigned',
  `comment` text NOT NULL,
  `completed` tinyint(3) unsigned NOT NULL DEFAULT '0',
  `escalated` tinyint(3) unsigned NOT NULL DEFAULT '0',
  `viewed` tinyint(3) unsigned NOT NULL DEFAULT '0',
  PRIMARY KEY (`ticketId`)
) ENGINE=InnoDB DEFAULT CHARSET=utf8 COMMENT='Player System';

# Dumping data for table characters_kargath.gm_tickets: ~0 rows (approximately)
DELETE FROM `gm_tickets`;
/*!40000 ALTER TABLE `gm_tickets` DISABLE KEYS */;
/*!40000 ALTER TABLE `gm_tickets` ENABLE KEYS */;


# Dumping structure for table characters_kargath.groups
DROP TABLE IF EXISTS `groups`;
CREATE TABLE IF NOT EXISTS `groups` (
  `guid` int(10) unsigned NOT NULL,
  `leaderGuid` int(10) unsigned NOT NULL,
  `lootMethod` tinyint(3) unsigned NOT NULL,
  `looterGuid` int(10) unsigned NOT NULL,
  `lootThreshold` tinyint(3) unsigned NOT NULL,
  `icon1` int(10) unsigned NOT NULL,
  `icon2` int(10) unsigned NOT NULL,
  `icon3` int(10) unsigned NOT NULL,
  `icon4` int(10) unsigned NOT NULL,
  `icon5` int(10) unsigned NOT NULL,
  `icon6` int(10) unsigned NOT NULL,
  `icon7` int(10) unsigned NOT NULL,
  `icon8` int(10) unsigned NOT NULL,
  `groupType` tinyint(3) unsigned NOT NULL,
  `difficulty` tinyint(3) unsigned NOT NULL DEFAULT '0',
  `raiddifficulty` tinyint(3) unsigned NOT NULL DEFAULT '0',
  PRIMARY KEY (`guid`),
  KEY `leaderGuid` (`leaderGuid`)
) ENGINE=InnoDB DEFAULT CHARSET=utf8 COMMENT='Groups';

# Dumping data for table characters_kargath.groups: ~1 rows (approximately)
DELETE FROM `groups`;
/*!40000 ALTER TABLE `groups` DISABLE KEYS */;
INSERT INTO `groups` (`guid`, `leaderGuid`, `lootMethod`, `looterGuid`, `lootThreshold`, `icon1`, `icon2`, `icon3`, `icon4`, `icon5`, `icon6`, `icon7`, `icon8`, `groupType`, `difficulty`, `raiddifficulty`) VALUES
	(1, 2, 3, 1, 2, 0, 0, 0, 0, 0, 0, 0, 0, 0, 0, 0);
/*!40000 ALTER TABLE `groups` ENABLE KEYS */;


# Dumping structure for table characters_kargath.group_instance
DROP TABLE IF EXISTS `group_instance`;
CREATE TABLE IF NOT EXISTS `group_instance` (
  `guid` int(10) unsigned NOT NULL DEFAULT '0',
  `instance` int(10) unsigned NOT NULL DEFAULT '0',
  `permanent` tinyint(3) unsigned NOT NULL DEFAULT '0',
  PRIMARY KEY (`guid`,`instance`),
  KEY `instance` (`instance`)
) ENGINE=InnoDB DEFAULT CHARSET=utf8;

# Dumping data for table characters_kargath.group_instance: ~1 rows (approximately)
DELETE FROM `group_instance`;
/*!40000 ALTER TABLE `group_instance` DISABLE KEYS */;
INSERT INTO `group_instance` (`guid`, `instance`, `permanent`) VALUES
	(1, 1, 0);
/*!40000 ALTER TABLE `group_instance` ENABLE KEYS */;


# Dumping structure for table characters_kargath.group_member
DROP TABLE IF EXISTS `group_member`;
CREATE TABLE IF NOT EXISTS `group_member` (
  `guid` int(10) unsigned NOT NULL,
  `memberGuid` int(10) unsigned NOT NULL,
  `memberFlags` tinyint(3) unsigned NOT NULL DEFAULT '0',
  `subgroup` tinyint(3) unsigned NOT NULL DEFAULT '0',
  `roles` tinyint(3) unsigned NOT NULL DEFAULT '0',
  PRIMARY KEY (`memberGuid`)
) ENGINE=InnoDB DEFAULT CHARSET=utf8 COMMENT='Groups';

# Dumping data for table characters_kargath.group_member: ~2 rows (approximately)
DELETE FROM `group_member`;
/*!40000 ALTER TABLE `group_member` DISABLE KEYS */;
INSERT INTO `group_member` (`guid`, `memberGuid`, `memberFlags`, `subgroup`, `roles`) VALUES
	(1, 1, 0, 0, 0),
	(1, 2, 0, 0, 0);
/*!40000 ALTER TABLE `group_member` ENABLE KEYS */;


# Dumping structure for table characters_kargath.guild
DROP TABLE IF EXISTS `guild`;
CREATE TABLE IF NOT EXISTS `guild` (
  `guildid` int(10) unsigned NOT NULL DEFAULT '0',
  `name` varchar(24) NOT NULL DEFAULT '',
  `leaderguid` int(10) unsigned NOT NULL DEFAULT '0',
  `EmblemStyle` tinyint(3) unsigned NOT NULL DEFAULT '0',
  `EmblemColor` tinyint(3) unsigned NOT NULL DEFAULT '0',
  `BorderStyle` tinyint(3) unsigned NOT NULL DEFAULT '0',
  `BorderColor` tinyint(3) unsigned NOT NULL DEFAULT '0',
  `BackgroundColor` tinyint(3) unsigned NOT NULL DEFAULT '0',
  `info` text NOT NULL,
  `motd` varchar(128) NOT NULL DEFAULT '',
  `createdate` int(10) unsigned NOT NULL DEFAULT '0',
  `BankMoney` bigint(20) unsigned NOT NULL DEFAULT '0',
  PRIMARY KEY (`guildid`)
) ENGINE=InnoDB DEFAULT CHARSET=utf8 COMMENT='Guild System';

# Dumping data for table characters_kargath.guild: ~1 rows (approximately)
DELETE FROM `guild`;
/*!40000 ALTER TABLE `guild` DISABLE KEYS */;
INSERT INTO `guild` (`guildid`, `name`, `leaderguid`, `EmblemStyle`, `EmblemColor`, `BorderStyle`, `BorderColor`, `BackgroundColor`, `info`, `motd`, `createdate`, `BankMoney`) VALUES
	(1, 'ZZZZZZZZZZZZZZZZZZZZZZZZ', 2, 0, 0, 0, 0, 0, '', 'No message set.', 1428700314, 0);
/*!40000 ALTER TABLE `guild` ENABLE KEYS */;


# Dumping structure for table characters_kargath.guild_bank_eventlog
DROP TABLE IF EXISTS `guild_bank_eventlog`;
CREATE TABLE IF NOT EXISTS `guild_bank_eventlog` (
  `guildid` int(10) unsigned NOT NULL DEFAULT '0' COMMENT 'Guild Identificator',
  `LogGuid` int(10) unsigned NOT NULL DEFAULT '0' COMMENT 'Log record identificator - auxiliary column',
  `TabId` tinyint(3) unsigned NOT NULL DEFAULT '0' COMMENT 'Guild bank TabId',
  `EventType` tinyint(3) unsigned NOT NULL DEFAULT '0' COMMENT 'Event type',
  `PlayerGuid` int(10) unsigned NOT NULL DEFAULT '0',
  `ItemOrMoney` int(10) unsigned NOT NULL DEFAULT '0',
  `ItemStackCount` smallint(5) unsigned NOT NULL DEFAULT '0',
  `DestTabId` tinyint(3) unsigned NOT NULL DEFAULT '0' COMMENT 'Destination Tab Id',
  `TimeStamp` int(10) unsigned NOT NULL DEFAULT '0' COMMENT 'Event UNIX time',
  PRIMARY KEY (`guildid`,`LogGuid`,`TabId`),
  KEY `guildid_key` (`guildid`),
  KEY `Idx_PlayerGuid` (`PlayerGuid`),
  KEY `Idx_LogGuid` (`LogGuid`)
) ENGINE=InnoDB DEFAULT CHARSET=utf8;

# Dumping data for table characters_kargath.guild_bank_eventlog: ~0 rows (approximately)
DELETE FROM `guild_bank_eventlog`;
/*!40000 ALTER TABLE `guild_bank_eventlog` DISABLE KEYS */;
/*!40000 ALTER TABLE `guild_bank_eventlog` ENABLE KEYS */;


# Dumping structure for table characters_kargath.guild_bank_item
DROP TABLE IF EXISTS `guild_bank_item`;
CREATE TABLE IF NOT EXISTS `guild_bank_item` (
  `guildid` int(10) unsigned NOT NULL DEFAULT '0',
  `TabId` tinyint(3) unsigned NOT NULL DEFAULT '0',
  `SlotId` tinyint(3) unsigned NOT NULL DEFAULT '0',
  `item_guid` int(10) unsigned NOT NULL DEFAULT '0',
  PRIMARY KEY (`guildid`,`TabId`,`SlotId`),
  KEY `guildid_key` (`guildid`),
  KEY `Idx_item_guid` (`item_guid`)
) ENGINE=InnoDB DEFAULT CHARSET=utf8;

# Dumping data for table characters_kargath.guild_bank_item: ~0 rows (approximately)
DELETE FROM `guild_bank_item`;
/*!40000 ALTER TABLE `guild_bank_item` DISABLE KEYS */;
/*!40000 ALTER TABLE `guild_bank_item` ENABLE KEYS */;


# Dumping structure for table characters_kargath.guild_bank_right
DROP TABLE IF EXISTS `guild_bank_right`;
CREATE TABLE IF NOT EXISTS `guild_bank_right` (
  `guildid` int(10) unsigned NOT NULL DEFAULT '0',
  `TabId` tinyint(3) unsigned NOT NULL DEFAULT '0',
  `rid` tinyint(3) unsigned NOT NULL DEFAULT '0',
  `gbright` tinyint(3) unsigned NOT NULL DEFAULT '0',
  `SlotPerDay` int(10) unsigned NOT NULL DEFAULT '0',
  PRIMARY KEY (`guildid`,`TabId`,`rid`),
  KEY `guildid_key` (`guildid`)
) ENGINE=InnoDB DEFAULT CHARSET=utf8;

# Dumping data for table characters_kargath.guild_bank_right: ~0 rows (approximately)
DELETE FROM `guild_bank_right`;
/*!40000 ALTER TABLE `guild_bank_right` DISABLE KEYS */;
/*!40000 ALTER TABLE `guild_bank_right` ENABLE KEYS */;


# Dumping structure for table characters_kargath.guild_bank_tab
DROP TABLE IF EXISTS `guild_bank_tab`;
CREATE TABLE IF NOT EXISTS `guild_bank_tab` (
  `guildid` int(10) unsigned NOT NULL DEFAULT '0',
  `TabId` tinyint(3) unsigned NOT NULL DEFAULT '0',
  `TabName` varchar(16) NOT NULL DEFAULT '',
  `TabIcon` varchar(100) NOT NULL DEFAULT '',
  `TabText` varchar(500) DEFAULT NULL,
  PRIMARY KEY (`guildid`,`TabId`),
  KEY `guildid_key` (`guildid`)
) ENGINE=InnoDB DEFAULT CHARSET=utf8;

# Dumping data for table characters_kargath.guild_bank_tab: ~0 rows (approximately)
DELETE FROM `guild_bank_tab`;
/*!40000 ALTER TABLE `guild_bank_tab` DISABLE KEYS */;
/*!40000 ALTER TABLE `guild_bank_tab` ENABLE KEYS */;


# Dumping structure for table characters_kargath.guild_eventlog
DROP TABLE IF EXISTS `guild_eventlog`;
CREATE TABLE IF NOT EXISTS `guild_eventlog` (
  `guildid` int(10) unsigned NOT NULL COMMENT 'Guild Identificator',
  `LogGuid` int(10) unsigned NOT NULL COMMENT 'Log record identificator - auxiliary column',
  `EventType` tinyint(3) unsigned NOT NULL COMMENT 'Event type',
  `PlayerGuid1` int(10) unsigned NOT NULL COMMENT 'Player 1',
  `PlayerGuid2` int(10) unsigned NOT NULL COMMENT 'Player 2',
  `NewRank` tinyint(3) unsigned NOT NULL COMMENT 'New rank(in case promotion/demotion)',
  `TimeStamp` int(10) unsigned NOT NULL COMMENT 'Event UNIX time',
  PRIMARY KEY (`guildid`,`LogGuid`),
  KEY `Idx_PlayerGuid1` (`PlayerGuid1`),
  KEY `Idx_PlayerGuid2` (`PlayerGuid2`),
  KEY `Idx_LogGuid` (`LogGuid`)
) ENGINE=InnoDB DEFAULT CHARSET=utf8 COMMENT='Guild Eventlog';

# Dumping data for table characters_kargath.guild_eventlog: ~0 rows (approximately)
DELETE FROM `guild_eventlog`;
/*!40000 ALTER TABLE `guild_eventlog` DISABLE KEYS */;
/*!40000 ALTER TABLE `guild_eventlog` ENABLE KEYS */;


# Dumping structure for table characters_kargath.guild_member
DROP TABLE IF EXISTS `guild_member`;
CREATE TABLE IF NOT EXISTS `guild_member` (
  `guildid` int(10) unsigned NOT NULL COMMENT 'Guild Identificator',
  `guid` int(10) unsigned NOT NULL,
  `rank` tinyint(3) unsigned NOT NULL,
  `pnote` varchar(31) NOT NULL DEFAULT '',
  `offnote` varchar(31) NOT NULL DEFAULT '',
  `BankResetTimeMoney` int(10) unsigned NOT NULL DEFAULT '0',
  `BankRemMoney` int(10) unsigned NOT NULL DEFAULT '0',
  `BankResetTimeTab0` int(10) unsigned NOT NULL DEFAULT '0',
  `BankRemSlotsTab0` int(10) unsigned NOT NULL DEFAULT '0',
  `BankResetTimeTab1` int(10) unsigned NOT NULL DEFAULT '0',
  `BankRemSlotsTab1` int(10) unsigned NOT NULL DEFAULT '0',
  `BankResetTimeTab2` int(10) unsigned NOT NULL DEFAULT '0',
  `BankRemSlotsTab2` int(10) unsigned NOT NULL DEFAULT '0',
  `BankResetTimeTab3` int(10) unsigned NOT NULL DEFAULT '0',
  `BankRemSlotsTab3` int(10) unsigned NOT NULL DEFAULT '0',
  `BankResetTimeTab4` int(10) unsigned NOT NULL DEFAULT '0',
  `BankRemSlotsTab4` int(10) unsigned NOT NULL DEFAULT '0',
  `BankResetTimeTab5` int(10) unsigned NOT NULL DEFAULT '0',
  `BankRemSlotsTab5` int(10) unsigned NOT NULL DEFAULT '0',
  UNIQUE KEY `guid_key` (`guid`),
  KEY `guildid_key` (`guildid`),
  KEY `guildid_rank_key` (`guildid`,`rank`)
) ENGINE=InnoDB DEFAULT CHARSET=utf8 COMMENT='Guild System';

# Dumping data for table characters_kargath.guild_member: ~1 rows (approximately)
DELETE FROM `guild_member`;
/*!40000 ALTER TABLE `guild_member` DISABLE KEYS */;
INSERT INTO `guild_member` (`guildid`, `guid`, `rank`, `pnote`, `offnote`, `BankResetTimeMoney`, `BankRemMoney`, `BankResetTimeTab0`, `BankRemSlotsTab0`, `BankResetTimeTab1`, `BankRemSlotsTab1`, `BankResetTimeTab2`, `BankRemSlotsTab2`, `BankResetTimeTab3`, `BankRemSlotsTab3`, `BankResetTimeTab4`, `BankRemSlotsTab4`, `BankResetTimeTab5`, `BankRemSlotsTab5`) VALUES
	(1, 2, 0, '', '', 0, 0, 0, 0, 0, 0, 0, 0, 0, 0, 0, 0, 0, 0);
/*!40000 ALTER TABLE `guild_member` ENABLE KEYS */;


# Dumping structure for table characters_kargath.guild_rank
DROP TABLE IF EXISTS `guild_rank`;
CREATE TABLE IF NOT EXISTS `guild_rank` (
  `guildid` int(10) unsigned NOT NULL DEFAULT '0',
  `rid` tinyint(3) unsigned NOT NULL,
  `rname` varchar(20) NOT NULL DEFAULT '',
  `rights` mediumint(8) unsigned NOT NULL DEFAULT '0',
  `BankMoneyPerDay` int(10) unsigned NOT NULL DEFAULT '0',
  PRIMARY KEY (`guildid`,`rid`),
  KEY `Idx_rid` (`rid`)
) ENGINE=InnoDB DEFAULT CHARSET=utf8 COMMENT='Guild System';

# Dumping data for table characters_kargath.guild_rank: ~5 rows (approximately)
DELETE FROM `guild_rank`;
/*!40000 ALTER TABLE `guild_rank` DISABLE KEYS */;
INSERT INTO `guild_rank` (`guildid`, `rid`, `rname`, `rights`, `BankMoneyPerDay`) VALUES
	(1, 0, 'Guild Master', 1962495, 0),
	(1, 1, 'Officer', 1962495, 0),
	(1, 2, 'Veteran', 67, 0),
	(1, 3, 'Member', 67, 0),
	(1, 4, 'Initiate', 67, 0);
/*!40000 ALTER TABLE `guild_rank` ENABLE KEYS */;


# Dumping structure for table characters_kargath.instance
DROP TABLE IF EXISTS `instance`;
CREATE TABLE IF NOT EXISTS `instance` (
  `id` int(10) unsigned NOT NULL DEFAULT '0',
  `map` smallint(5) unsigned NOT NULL DEFAULT '0',
  `resettime` int(10) unsigned NOT NULL DEFAULT '0',
  `difficulty` tinyint(3) unsigned NOT NULL DEFAULT '0',
  `completedEncounters` int(10) unsigned NOT NULL DEFAULT '0',
  `data` tinytext NOT NULL,
  PRIMARY KEY (`id`),
  KEY `map` (`map`),
  KEY `resettime` (`resettime`),
  KEY `difficulty` (`difficulty`)
) ENGINE=InnoDB DEFAULT CHARSET=utf8;

# Dumping data for table characters_kargath.instance: ~1 rows (approximately)
DELETE FROM `instance`;
/*!40000 ALTER TABLE `instance` DISABLE KEYS */;
INSERT INTO `instance` (`id`, `map`, `resettime`, `difficulty`, `completedEncounters`, `data`) VALUES
	(1, 615, 0, 0, 0, '');
/*!40000 ALTER TABLE `instance` ENABLE KEYS */;


# Dumping structure for table characters_kargath.instance_reset
DROP TABLE IF EXISTS `instance_reset`;
CREATE TABLE IF NOT EXISTS `instance_reset` (
  `mapid` smallint(5) unsigned NOT NULL DEFAULT '0',
  `difficulty` tinyint(3) unsigned NOT NULL DEFAULT '0',
  `resettime` int(10) unsigned NOT NULL DEFAULT '0',
  PRIMARY KEY (`mapid`,`difficulty`),
  KEY `difficulty` (`difficulty`)
) ENGINE=InnoDB DEFAULT CHARSET=utf8;

# Dumping data for table characters_kargath.instance_reset: ~71 rows (approximately)
DELETE FROM `instance_reset`;
/*!40000 ALTER TABLE `instance_reset` DISABLE KEYS */;
INSERT INTO `instance_reset` (`mapid`, `difficulty`, `resettime`) VALUES
	(249, 0, 1429243200),
	(249, 1, 1429243200),
	(269, 1, 1428897600),
	(309, 0, 1428897600),
	(409, 0, 1429243200),
	(469, 0, 1429243200),
	(509, 0, 1428897600),
	(531, 0, 1429243200),
	(532, 0, 1429243200),
	(533, 0, 1429243200),
	(533, 1, 1429243200),
	(534, 0, 1429243200),
	(540, 1, 1428897600),
	(542, 1, 1428897600),
	(543, 1, 1428897600),
	(544, 0, 1429243200),
	(545, 1, 1428897600),
	(546, 1, 1428897600),
	(547, 1, 1428897600),
	(548, 0, 1429243200),
	(550, 0, 1429243200),
	(552, 1, 1428897600),
	(553, 1, 1428897600),
	(554, 1, 1428897600),
	(555, 1, 1428897600),
	(556, 1, 1428897600),
	(557, 1, 1428897600),
	(558, 1, 1428897600),
	(560, 1, 1428897600),
	(564, 0, 1429243200),
	(565, 0, 1429243200),
	(568, 0, 1428897600),
	(574, 1, 1428897600),
	(575, 1, 1428897600),
	(576, 1, 1428897600),
	(578, 1, 1428897600),
	(580, 0, 1429243200),
	(585, 1, 1428897600),
	(595, 1, 1428897600),
	(598, 1, 1428897600),
	(599, 1, 1428897600),
	(600, 1, 1428897600),
	(601, 1, 1428897600),
	(602, 1, 1428897600),
	(603, 0, 1429243200),
	(603, 1, 1429243200),
	(604, 1, 1428897600),
	(608, 1, 1428897600),
	(615, 0, 1429243200),
	(615, 1, 1429243200),
	(616, 0, 1429243200),
	(616, 1, 1429243200),
	(619, 1, 1428897600),
	(624, 0, 1429243200),
	(624, 1, 1429243200),
	(631, 0, 1429243200),
	(631, 1, 1429243200),
	(631, 2, 1429243200),
	(631, 3, 1429243200),
	(632, 1, 1428897600),
	(649, 0, 1429243200),
	(649, 1, 1429243200),
	(649, 2, 1429243200),
	(649, 3, 1429243200),
	(650, 1, 1428897600),
	(658, 1, 1428897600),
	(668, 1, 1428897600),
	(724, 0, 1429243200),
	(724, 1, 1429243200),
	(724, 2, 1429243200),
	(724, 3, 1429243200);
/*!40000 ALTER TABLE `instance_reset` ENABLE KEYS */;


# Dumping structure for table characters_kargath.item_instance
DROP TABLE IF EXISTS `item_instance`;
CREATE TABLE IF NOT EXISTS `item_instance` (
  `guid` int(10) unsigned NOT NULL DEFAULT '0',
  `itemEntry` mediumint(8) unsigned NOT NULL DEFAULT '0',
  `owner_guid` int(10) unsigned NOT NULL DEFAULT '0',
  `creatorGuid` int(10) unsigned NOT NULL DEFAULT '0',
  `giftCreatorGuid` int(10) unsigned NOT NULL DEFAULT '0',
  `count` int(10) unsigned NOT NULL DEFAULT '1',
  `duration` int(10) NOT NULL DEFAULT '0',
  `charges` tinytext,
  `flags` mediumint(8) unsigned NOT NULL DEFAULT '0',
  `enchantments` text NOT NULL,
  `randomPropertyId` smallint(5) NOT NULL DEFAULT '0',
  `durability` smallint(5) unsigned NOT NULL DEFAULT '0',
  `playedTime` int(10) unsigned NOT NULL DEFAULT '0',
  `text` text,
  PRIMARY KEY (`guid`),
  KEY `idx_owner_guid` (`owner_guid`)
) ENGINE=InnoDB DEFAULT CHARSET=utf8 COMMENT='Item System';

# Dumping data for table characters_kargath.item_instance: ~106 rows (approximately)
DELETE FROM `item_instance`;
/*!40000 ALTER TABLE `item_instance` DISABLE KEYS */;
INSERT INTO `item_instance` (`guid`, `itemEntry`, `owner_guid`, `creatorGuid`, `giftCreatorGuid`, `count`, `duration`, `charges`, `flags`, `enchantments`, `randomPropertyId`, `durability`, `playedTime`, `text`) VALUES
	(2, 3661, 1, 0, 0, 1, 0, '0 0 0 0 0 ', 0, '0 0 0 0 0 0 0 0 0 0 0 0 0 0 0 0 0 0 0 0 0 0 0 0 0 0 0 0 0 0 0 0 0 0 0 0 ', 0, 0, 0, ''),
	(4, 6123, 1, 0, 0, 1, 0, '0 0 0 0 0 ', 0, '0 0 0 0 0 0 0 0 0 0 0 0 0 0 0 0 0 0 0 0 0 0 0 0 0 0 0 0 0 0 0 0 0 0 0 0 ', 0, 0, 0, ''),
	(6, 6124, 1, 0, 0, 1, 0, '0 0 0 0 0 ', 0, '0 0 0 0 0 0 0 0 0 0 0 0 0 0 0 0 0 0 0 0 0 0 0 0 0 0 0 0 0 0 0 0 0 0 0 0 ', 0, 0, 0, ''),
	(8, 6948, 1, 0, 0, 1, 0, '0 0 0 0 0 ', 1, '0 0 0 0 0 0 0 0 0 0 0 0 0 0 0 0 0 0 0 0 0 0 0 0 0 0 0 0 0 0 0 0 0 0 0 0 ', 0, 0, 0, ''),
	(10, 23162, 1, 0, 0, 1, 0, '0 0 0 0 0 ', 1, '0 0 0 0 0 0 0 0 0 0 0 0 0 0 0 0 0 0 0 0 0 0 0 0 0 0 0 0 0 0 0 0 0 0 0 0 ', 0, 0, 0, ''),
	(12, 23162, 1, 0, 0, 1, 0, '0 0 0 0 0 ', 1, '0 0 0 0 0 0 0 0 0 0 0 0 0 0 0 0 0 0 0 0 0 0 0 0 0 0 0 0 0 0 0 0 0 0 0 0 ', 0, 0, 0, ''),
	(14, 23162, 1, 0, 0, 1, 0, '0 0 0 0 0 ', 1, '0 0 0 0 0 0 0 0 0 0 0 0 0 0 0 0 0 0 0 0 0 0 0 0 0 0 0 0 0 0 0 0 0 0 0 0 ', 0, 0, 0, ''),
	(16, 23162, 1, 0, 0, 1, 0, '0 0 0 0 0 ', 1, '0 0 0 0 0 0 0 0 0 0 0 0 0 0 0 0 0 0 0 0 0 0 0 0 0 0 0 0 0 0 0 0 0 0 0 0 ', 0, 0, 0, ''),
	(18, 43962, 1, 0, 0, 1, 0, '-1 0 0 0 0 ', 1, '0 0 0 0 0 0 0 0 0 0 0 0 0 0 0 0 0 0 0 0 0 0 0 0 0 0 0 0 0 0 0 0 0 0 0 0 ', 0, 0, 0, ''),
	(20, 45932, 1, 0, 0, 127, 0, '-1 0 0 0 0 ', 0, '0 0 0 0 0 0 0 0 0 0 0 0 0 0 0 0 0 0 0 0 0 0 0 0 0 0 0 0 0 0 0 0 0 0 0 0 ', 0, 0, 0, ''),
	(22, 21215, 1, 0, 0, 127, 0, '-1 0 0 0 0 ', 1, '0 0 0 0 0 0 0 0 0 0 0 0 0 0 0 0 0 0 0 0 0 0 0 0 0 0 0 0 0 0 0 0 0 0 0 0 ', 0, 0, 0, ''),
	(24, 43236, 1, 0, 0, 127, 0, '-1 0 0 0 0 ', 0, '0 0 0 0 0 0 0 0 0 0 0 0 0 0 0 0 0 0 0 0 0 0 0 0 0 0 0 0 0 0 0 0 0 0 0 0 ', 0, 0, 0, ''),
	(26, 34722, 1, 0, 0, 127, 0, '-1 0 0 0 0 ', 0, '0 0 0 0 0 0 0 0 0 0 0 0 0 0 0 0 0 0 0 0 0 0 0 0 0 0 0 0 0 0 0 0 0 0 0 0 ', 0, 0, 0, ''),
	(28, 18766, 1, 0, 0, 1, 0, '-1 0 0 0 0 ', 1, '0 0 0 0 0 0 0 0 0 0 0 0 0 0 0 0 0 0 0 0 0 0 0 0 0 0 0 0 0 0 0 0 0 0 0 0 ', 0, 0, 0, ''),
	(30, 34398, 1, 0, 0, 1, 0, '0 0 0 0 0 ', 1, '0 0 0 0 0 0 0 0 0 0 0 0 0 0 0 0 0 0 0 0 0 0 0 0 0 0 0 0 0 0 0 0 0 0 0 0 ', 0, 0, 2169, ''),
	(42, 2101, 2, 0, 0, 1, 0, '0 0 0 0 0 ', 0, '0 0 0 0 0 0 0 0 0 0 0 0 0 0 0 0 0 0 0 0 0 0 0 0 0 0 0 0 0 0 0 0 0 0 0 0 ', 0, 0, 0, ''),
	(44, 2512, 2, 0, 0, 110, 0, '0 0 0 0 0 ', 0, '0 0 0 0 0 0 0 0 0 0 0 0 0 0 0 0 0 0 0 0 0 0 0 0 0 0 0 0 0 0 0 0 0 0 0 0 ', 0, 0, 0, ''),
	(46, 6948, 2, 0, 0, 1, 0, '0 0 0 0 0 ', 1, '0 0 0 0 0 0 0 0 0 0 0 0 0 0 0 0 0 0 0 0 0 0 0 0 0 0 0 0 0 0 0 0 0 0 0 0 ', 0, 0, 0, ''),
	(48, 23162, 2, 0, 0, 1, 0, '0 0 0 0 0 ', 1, '0 0 0 0 0 0 0 0 0 0 0 0 0 0 0 0 0 0 0 0 0 0 0 0 0 0 0 0 0 0 0 0 0 0 0 0 ', 0, 0, 0, ''),
	(50, 23162, 2, 0, 0, 1, 0, '0 0 0 0 0 ', 1, '0 0 0 0 0 0 0 0 0 0 0 0 0 0 0 0 0 0 0 0 0 0 0 0 0 0 0 0 0 0 0 0 0 0 0 0 ', 0, 0, 0, ''),
	(52, 23162, 2, 0, 0, 1, 0, '0 0 0 0 0 ', 1, '0 0 0 0 0 0 0 0 0 0 0 0 0 0 0 0 0 0 0 0 0 0 0 0 0 0 0 0 0 0 0 0 0 0 0 0 ', 0, 0, 0, ''),
	(54, 23162, 2, 0, 0, 1, 0, '0 0 0 0 0 ', 1, '0 0 0 0 0 0 0 0 0 0 0 0 0 0 0 0 0 0 0 0 0 0 0 0 0 0 0 0 0 0 0 0 0 0 0 0 ', 0, 0, 0, ''),
	(56, 43962, 2, 0, 0, 1, 0, '-1 0 0 0 0 ', 1, '0 0 0 0 0 0 0 0 0 0 0 0 0 0 0 0 0 0 0 0 0 0 0 0 0 0 0 0 0 0 0 0 0 0 0 0 ', 0, 0, 0, ''),
	(58, 45932, 2, 0, 0, 127, 0, '-1 0 0 0 0 ', 0, '0 0 0 0 0 0 0 0 0 0 0 0 0 0 0 0 0 0 0 0 0 0 0 0 0 0 0 0 0 0 0 0 0 0 0 0 ', 0, 0, 0, ''),
	(60, 21215, 2, 0, 0, 127, 0, '-1 0 0 0 0 ', 1, '0 0 0 0 0 0 0 0 0 0 0 0 0 0 0 0 0 0 0 0 0 0 0 0 0 0 0 0 0 0 0 0 0 0 0 0 ', 0, 0, 0, ''),
	(62, 43236, 2, 0, 0, 127, 0, '-1 0 0 0 0 ', 0, '0 0 0 0 0 0 0 0 0 0 0 0 0 0 0 0 0 0 0 0 0 0 0 0 0 0 0 0 0 0 0 0 0 0 0 0 ', 0, 0, 0, ''),
	(64, 34722, 2, 0, 0, 127, 0, '-1 0 0 0 0 ', 0, '0 0 0 0 0 0 0 0 0 0 0 0 0 0 0 0 0 0 0 0 0 0 0 0 0 0 0 0 0 0 0 0 0 0 0 0 ', 0, 0, 0, ''),
	(66, 18766, 2, 0, 0, 1, 0, '-1 0 0 0 0 ', 1, '0 0 0 0 0 0 0 0 0 0 0 0 0 0 0 0 0 0 0 0 0 0 0 0 0 0 0 0 0 0 0 0 0 0 0 0 ', 0, 0, 0, ''),
	(77, 6948, 3, 0, 0, 1, 0, '0 0 0 0 0 ', 1, '0 0 0 0 0 0 0 0 0 0 0 0 0 0 0 0 0 0 0 0 0 0 0 0 0 0 0 0 0 0 0 0 0 0 0 0 ', 0, 0, 0, ''),
	(79, 23162, 3, 0, 0, 1, 0, '0 0 0 0 0 ', 1, '0 0 0 0 0 0 0 0 0 0 0 0 0 0 0 0 0 0 0 0 0 0 0 0 0 0 0 0 0 0 0 0 0 0 0 0 ', 0, 0, 0, ''),
	(81, 23162, 3, 0, 0, 1, 0, '0 0 0 0 0 ', 1, '0 0 0 0 0 0 0 0 0 0 0 0 0 0 0 0 0 0 0 0 0 0 0 0 0 0 0 0 0 0 0 0 0 0 0 0 ', 0, 0, 0, ''),
	(83, 23162, 3, 0, 0, 1, 0, '0 0 0 0 0 ', 1, '0 0 0 0 0 0 0 0 0 0 0 0 0 0 0 0 0 0 0 0 0 0 0 0 0 0 0 0 0 0 0 0 0 0 0 0 ', 0, 0, 0, ''),
	(85, 23162, 3, 0, 0, 1, 0, '0 0 0 0 0 ', 1, '0 0 0 0 0 0 0 0 0 0 0 0 0 0 0 0 0 0 0 0 0 0 0 0 0 0 0 0 0 0 0 0 0 0 0 0 ', 0, 0, 0, ''),
	(87, 43962, 3, 0, 0, 1, 0, '-1 0 0 0 0 ', 1, '0 0 0 0 0 0 0 0 0 0 0 0 0 0 0 0 0 0 0 0 0 0 0 0 0 0 0 0 0 0 0 0 0 0 0 0 ', 0, 0, 0, ''),
	(89, 18766, 3, 0, 0, 1, 0, '-1 0 0 0 0 ', 1, '0 0 0 0 0 0 0 0 0 0 0 0 0 0 0 0 0 0 0 0 0 0 0 0 0 0 0 0 0 0 0 0 0 0 0 0 ', 0, 0, 0, ''),
	(91, 45932, 3, 0, 0, 127, 0, '-1 0 0 0 0 ', 0, '0 0 0 0 0 0 0 0 0 0 0 0 0 0 0 0 0 0 0 0 0 0 0 0 0 0 0 0 0 0 0 0 0 0 0 0 ', 0, 0, 0, ''),
	(93, 21215, 3, 0, 0, 127, 0, '-1 0 0 0 0 ', 1, '0 0 0 0 0 0 0 0 0 0 0 0 0 0 0 0 0 0 0 0 0 0 0 0 0 0 0 0 0 0 0 0 0 0 0 0 ', 0, 0, 0, ''),
	(95, 43236, 3, 0, 0, 127, 0, '-1 0 0 0 0 ', 0, '0 0 0 0 0 0 0 0 0 0 0 0 0 0 0 0 0 0 0 0 0 0 0 0 0 0 0 0 0 0 0 0 0 0 0 0 ', 0, 0, 0, ''),
	(97, 34722, 3, 0, 0, 127, 0, '-1 0 0 0 0 ', 0, '0 0 0 0 0 0 0 0 0 0 0 0 0 0 0 0 0 0 0 0 0 0 0 0 0 0 0 0 0 0 0 0 0 0 0 0 ', 0, 0, 0, ''),
	(99, 51427, 1, 0, 0, 1, 0, '0 0 0 0 0 ', 1, '3795 0 0 0 0 0 3628 0 0 3525 0 0 0 0 0 3314 0 0 0 0 0 0 0 0 0 0 0 0 0 0 0 0 0 0 0 0 ', 0, 0, 2168, ''),
	(100, 51353, 1, 0, 0, 1, 0, '0 0 0 0 0 ', 1, '0 0 0 0 0 0 0 0 0 0 0 0 0 0 0 0 0 0 0 0 0 0 0 0 0 0 0 0 0 0 0 0 0 0 0 0 ', 0, 0, 2165, ''),
	(101, 51430, 1, 0, 0, 1, 0, '0 0 0 0 0 ', 1, '3793 0 0 0 0 0 3530 0 0 0 0 0 0 0 0 2952 0 0 0 0 0 0 0 0 0 0 0 0 0 0 0 0 0 0 0 0 ', 0, 0, 2165, ''),
	(102, 52019, 1, 0, 0, 1, 0, '0 0 0 0 0 ', 1, '0 0 0 0 0 0 0 0 0 0 0 0 0 0 0 0 0 0 0 0 0 0 0 0 0 0 0 0 0 0 0 0 0 0 0 0 ', 0, 0, 0, ''),
	(103, 51425, 1, 0, 0, 1, 0, '0 0 0 0 0 ', 1, '3245 0 0 0 0 0 3525 0 0 3530 0 0 0 0 0 3600 0 0 0 0 0 0 0 0 0 0 0 0 0 0 0 0 0 0 0 0 ', 0, 0, 2165, ''),
	(104, 50067, 1, 0, 0, 1, 0, '0 0 0 0 0 ', 1, '0 0 0 0 0 0 3589 0 0 3525 0 0 3525 0 0 3355 0 0 3729 0 0 0 0 0 0 0 0 0 0 0 0 0 0 0 0 0 ', 0, 0, 0, ''),
	(105, 51428, 1, 0, 0, 1, 0, '0 0 0 0 0 ', 1, '3853 0 0 0 0 0 3525 0 0 3589 0 0 0 0 0 3355 0 0 0 0 0 0 0 0 0 0 0 0 0 0 0 0 0 0 0 0 ', 0, 0, 2165, ''),
	(106, 51856, 1, 0, 0, 1, 0, '0 0 0 0 0 ', 1, '983 0 0 0 0 0 3525 0 0 3525 0 0 0 0 0 3355 0 0 0 0 0 0 0 0 0 0 0 0 0 0 0 0 0 0 0 0 ', 0, 0, 0, ''),
	(107, 50333, 1, 0, 0, 1, 0, '0 0 0 0 0 ', 1, '3845 0 0 0 0 0 3530 0 0 3745 0 0 0 0 0 2877 0 0 3717 0 0 0 0 0 0 0 0 0 0 0 0 0 0 0 0 0 ', 0, 0, 0, ''),
	(108, 51426, 1, 0, 0, 1, 0, '0 0 0 0 0 ', 1, '3234 0 0 0 0 0 3589 0 0 3745 0 0 0 0 0 2874 0 0 3723 0 0 0 0 0 0 0 0 0 0 0 0 0 0 0 0 0 ', 0, 0, 2165, ''),
	(109, 47934, 1, 0, 0, 1, 0, '0 0 0 0 0 ', 1, '0 0 0 0 0 0 3530 0 0 0 0 0 0 0 0 2877 0 0 0 0 0 0 0 0 0 0 0 0 0 0 0 0 0 0 0 0 ', 0, 0, 0, ''),
	(110, 50186, 1, 0, 0, 1, 0, '0 0 0 0 0 ', 1, '0 0 0 0 0 0 3525 0 0 0 0 0 0 0 0 2877 0 0 0 0 0 0 0 0 0 0 0 0 0 0 0 0 0 0 0 0 ', 0, 0, 0, ''),
	(111, 50362, 1, 0, 0, 1, 0, '0 0 0 0 0 ', 1, '0 0 0 0 0 0 0 0 0 0 0 0 0 0 0 0 0 0 0 0 0 0 0 0 0 0 0 0 0 0 0 0 0 0 0 0 ', 0, 0, 0, ''),
	(112, 51377, 1, 0, 0, 1, 0, '0 0 0 0 0 ', 1, '0 0 0 0 0 0 0 0 0 0 0 0 0 0 0 0 0 0 0 0 0 0 0 0 0 0 0 0 0 0 0 0 0 0 0 0 ', 0, 0, 0, ''),
	(113, 51356, 1, 0, 0, 1, 0, '0 0 0 0 0 ', 1, '3243 0 0 0 0 0 0 0 0 0 0 0 0 0 0 0 0 0 0 0 0 0 0 0 0 0 0 0 0 0 0 0 0 0 0 0 ', 0, 0, 2159, ''),
	(114, 51431, 1, 0, 0, 1, 0, '0 0 0 0 0 ', 1, '3827 0 0 0 0 0 3745 0 0 3589 0 0 0 0 0 3764 0 0 0 0 0 0 0 0 0 0 0 0 0 0 0 0 0 0 0 0 ', 0, 0, 2168, ''),
	(115, 47668, 1, 0, 0, 1, 0, '0 0 0 0 0 ', 1, '0 0 0 0 0 0 0 0 0 0 0 0 0 0 0 0 0 0 0 0 0 0 0 0 0 0 0 0 0 0 0 0 0 0 0 0 ', 0, 0, 2168, ''),
	(116, 49086, 1, 0, 0, 1, 0, '0 0 0 0 0 ', 1, '0 0 0 0 0 0 0 0 0 0 0 0 0 0 0 0 0 0 0 0 0 0 0 0 0 0 0 0 0 0 0 0 0 0 0 0 ', 0, 0, 0, ''),
	(117, 51460, 2, 0, 0, 1, 0, '0 0 0 0 0 ', 1, '0 0 0 0 0 0 0 0 0 0 0 0 0 0 0 0 0 0 0 0 0 0 0 0 0 0 0 0 0 0 0 0 0 0 0 0 ', 0, 0, 2574, ''),
	(118, 51462, 2, 0, 0, 1, 0, '0 0 0 0 0 ', 1, '0 0 0 0 0 0 0 0 0 0 0 0 0 0 0 0 0 0 0 0 0 0 0 0 0 0 0 0 0 0 0 0 0 0 0 0 ', 0, 0, 2572, ''),
	(119, 51458, 2, 0, 0, 1, 0, '0 0 0 0 0 ', 1, '0 0 0 0 0 0 0 0 0 0 0 0 0 0 0 0 0 0 0 0 0 0 0 0 0 0 0 0 0 0 0 0 0 0 0 0 ', 0, 0, 2570, ''),
	(120, 51459, 2, 0, 0, 1, 0, '0 0 0 0 0 ', 1, '0 0 0 0 0 0 0 0 0 0 0 0 0 0 0 0 0 0 0 0 0 0 0 0 0 0 0 0 0 0 0 0 0 0 0 0 ', 0, 0, 2568, ''),
	(121, 51461, 2, 0, 0, 1, 0, '0 0 0 0 0 ', 1, '0 0 0 0 0 0 0 0 0 0 0 0 0 0 0 0 0 0 0 0 0 0 0 0 0 0 0 0 0 0 0 0 0 0 0 0 ', 0, 0, 2564, ''),
	(122, 51877, 2, 0, 0, 1, 0, '0 0 0 0 0 ', 1, '3795 0 0 0 0 0 3628 0 0 3566 0 0 0 0 0 3313 0 0 0 0 0 0 0 0 0 0 0 0 0 0 0 0 0 0 0 0 ', 0, 0, 2445, ''),
	(123, 50452, 2, 0, 0, 1, 0, '0 0 0 0 0 ', 1, '0 0 0 0 0 0 3566 0 0 0 0 0 0 0 0 2877 0 0 0 0 0 0 0 0 0 0 0 0 0 0 0 0 0 0 0 0 ', 0, 0, 0, ''),
	(124, 51462, 2, 0, 0, 1, 0, '0 0 0 0 0 ', 1, '3793 0 0 0 0 0 3566 0 0 0 0 0 0 0 0 2874 0 0 0 0 0 0 0 0 0 0 0 0 0 0 0 0 0 0 0 0 ', 0, 0, 2445, ''),
	(125, 148, 2, 0, 0, 1, 0, '0 0 0 0 0 ', 0, '0 0 0 0 0 0 0 0 0 0 0 0 0 0 0 0 0 0 0 0 0 0 0 0 0 0 0 0 0 0 0 0 0 0 0 0 ', 0, 0, 0, ''),
	(126, 51458, 2, 0, 0, 1, 0, '0 0 0 0 0 ', 1, '3245 0 0 0 0 0 3521 0 0 3566 0 0 0 0 0 3600 0 0 0 0 0 0 0 0 0 0 0 0 0 0 0 0 0 0 0 0 ', 0, 0, 2445, ''),
	(127, 50993, 2, 0, 0, 1, 0, '0 0 0 0 0 ', 1, '0 0 0 0 0 0 3566 0 0 3566 0 0 3521 0 0 3355 0 0 3729 0 0 0 0 0 0 0 0 0 0 0 0 0 0 0 0 0 ', 0, 0, 2445, ''),
	(128, 51461, 2, 0, 0, 1, 0, '0 0 0 0 0 ', 1, '3823 0 0 0 0 0 3521 0 0 3879 0 0 0 0 0 3355 0 0 0 0 0 0 0 0 0 0 0 0 0 0 0 0 0 0 0 0 ', 0, 0, 2445, ''),
	(129, 51818, 2, 0, 0, 1, 0, '0 0 0 0 0 ', 1, '1597 0 0 0 0 0 3566 0 0 3521 0 0 0 0 0 3355 0 0 0 0 0 0 0 0 0 0 0 0 0 0 0 0 0 0 0 0 ', 0, 0, 0, ''),
	(130, 51352, 2, 0, 0, 1, 0, '0 0 0 0 0 ', 1, '3845 0 0 0 0 0 0 0 0 0 0 0 0 0 0 0 0 0 0 0 0 0 0 0 0 0 0 0 0 0 0 0 0 0 0 0 ', 0, 0, 2445, ''),
	(131, 51459, 2, 0, 0, 1, 0, '0 0 0 0 0 ', 1, '1603 0 0 0 0 0 3521 0 0 0 0 0 0 0 0 0 0 0 0 0 0 0 0 0 0 0 0 0 0 0 0 0 0 0 0 0 ', 0, 0, 2445, ''),
	(132, 50186, 2, 0, 0, 1, 0, '0 0 0 0 0 ', 1, '0 0 0 0 0 0 3521 0 0 0 0 0 0 0 0 2877 0 0 0 0 0 0 0 0 0 0 0 0 0 0 0 0 0 0 0 0 ', 0, 0, 0, ''),
	(133, 49949, 2, 0, 0, 1, 0, '0 0 0 0 0 ', 1, '0 0 0 0 0 0 3566 0 0 0 0 0 0 0 0 2877 0 0 0 0 0 0 0 0 0 0 0 0 0 0 0 0 0 0 0 0 ', 0, 0, 0, ''),
	(134, 50343, 2, 0, 0, 1, 0, '0 0 0 0 0 ', 1, '0 0 0 0 0 0 0 0 0 0 0 0 0 0 0 0 0 0 0 0 0 0 0 0 0 0 0 0 0 0 0 0 0 0 0 0 ', 0, 0, 0, ''),
	(135, 51377, 2, 0, 0, 1, 0, '0 0 0 0 0 ', 1, '0 0 0 0 0 0 0 0 0 0 0 0 0 0 0 0 0 0 0 0 0 0 0 0 0 0 0 0 0 0 0 0 0 0 0 0 ', 0, 0, 0, ''),
	(136, 49998, 2, 0, 0, 1, 0, '0 0 0 0 0 ', 1, '1099 0 0 0 0 0 3521 0 0 0 0 0 0 0 0 0 0 0 0 0 0 0 0 0 0 0 0 0 0 0 0 0 0 0 0 0 ', 0, 0, 0, ''),
	(137, 51388, 2, 0, 0, 1, 0, '0 0 0 0 0 ', 1, '3789 0 0 0 0 0 3521 0 0 3521 0 0 0 0 0 0 0 0 0 0 0 0 0 0 0 0 0 0 0 0 0 0 0 0 0 0 ', 0, 0, 2445, ''),
	(138, 51449, 2, 0, 0, 1, 0, '0 0 0 0 0 ', 1, '0 0 0 0 0 0 0 0 0 0 0 0 0 0 0 0 0 0 0 0 0 0 0 0 0 0 0 0 0 0 0 0 0 0 0 0 ', 0, 0, 2445, ''),
	(139, 43349, 2, 0, 0, 1, 0, '0 0 0 0 0 ', 1, '0 0 0 0 0 0 0 0 0 0 0 0 0 0 0 0 0 0 0 0 0 0 0 0 0 0 0 0 0 0 0 0 0 0 0 0 ', 0, 0, 0, ''),
	(140, 52021, 2, 0, 0, 1000, 0, '0 0 0 0 0 ', 0, '0 0 0 0 0 0 0 0 0 0 0 0 0 0 0 0 0 0 0 0 0 0 0 0 0 0 0 0 0 0 0 0 0 0 0 0 ', 0, 0, 2411, ''),
	(145, 52021, 2, 0, 0, 1000, 0, '0 0 0 0 0 ', 0, '0 0 0 0 0 0 0 0 0 0 0 0 0 0 0 0 0 0 0 0 0 0 0 0 0 0 0 0 0 0 0 0 0 0 0 0 ', 0, 0, 2410, ''),
	(150, 52021, 2, 0, 0, 800, 0, '0 0 0 0 0 ', 0, '0 0 0 0 0 0 0 0 0 0 0 0 0 0 0 0 0 0 0 0 0 0 0 0 0 0 0 0 0 0 0 0 0 0 0 0 ', 0, 0, 2409, ''),
	(154, 51543, 3, 0, 0, 1, 0, '0 0 0 0 0 ', 1, '3842 0 0 0 0 0 3621 0 0 3525 0 0 0 0 0 2787 0 0 0 0 0 0 0 0 0 0 0 0 0 0 0 0 0 0 0 0 ', 0, 0, 1108, ''),
	(155, 51822, 3, 0, 0, 1, 0, '0 0 0 0 0 ', 1, '0 0 0 0 0 0 3530 0 0 0 0 0 0 0 0 2877 0 0 0 0 0 0 0 0 0 0 0 0 0 0 0 0 0 0 0 0 ', 0, 0, 0, ''),
	(156, 51545, 3, 0, 0, 1, 0, '0 0 0 0 0 ', 1, '3852 0 0 0 0 0 3530 0 0 0 0 0 0 0 0 3263 0 0 0 0 0 0 0 0 0 0 0 0 0 0 0 0 0 0 0 0 ', 0, 0, 1108, ''),
	(157, 6125, 3, 0, 0, 1, 0, '0 0 0 0 0 ', 0, '0 0 0 0 0 0 0 0 0 0 0 0 0 0 0 0 0 0 0 0 0 0 0 0 0 0 0 0 0 0 0 0 0 0 0 0 ', 0, 0, 0, ''),
	(158, 51541, 3, 0, 0, 1, 0, '0 0 0 0 0 ', 1, '3245 0 0 0 0 0 3525 0 0 3530 0 0 0 0 0 3600 0 0 0 0 0 0 0 0 0 0 0 0 0 0 0 0 0 0 0 0 ', 0, 0, 1108, ''),
	(159, 51879, 3, 0, 0, 1, 0, '0 0 0 0 0 ', 1, '0 0 0 0 0 0 3525 0 0 3530 0 0 3530 0 0 3357 0 0 3729 0 0 0 0 0 0 0 0 0 0 0 0 0 0 0 0 0 ', 0, 0, 1108, ''),
	(160, 51544, 3, 0, 0, 1, 0, '0 0 0 0 0 ', 1, '3853 0 0 0 0 0 3525 0 0 3543 0 0 0 0 0 3357 0 0 0 0 0 0 0 0 0 0 0 0 0 0 0 0 0 0 0 0 ', 0, 0, 1108, ''),
	(161, 49983, 3, 0, 0, 1, 0, '0 0 0 0 0 ', 1, '3232 0 0 0 0 0 3530 0 0 3525 0 0 0 0 0 3357 0 0 0 0 0 0 0 0 0 0 0 0 0 0 0 0 0 0 0 0 ', 0, 0, 0, ''),
	(162, 50002, 3, 0, 0, 1, 0, '0 0 0 0 0 ', 1, '3845 0 0 0 0 0 3530 0 0 0 0 0 0 0 0 2927 0 0 0 0 0 0 0 0 0 0 0 0 0 0 0 0 0 0 0 0 ', 0, 0, 0, ''),
	(163, 51542, 3, 0, 0, 1, 0, '0 0 0 0 0 ', 1, '1603 0 0 0 0 0 3525 0 0 0 0 0 0 0 0 0 0 0 0 0 0 0 0 0 0 0 0 0 0 0 0 0 0 0 0 0 ', 0, 0, 1108, ''),
	(164, 50186, 3, 0, 0, 1, 0, '0 0 0 0 0 ', 1, '0 0 0 0 0 0 3525 0 0 0 0 0 0 0 0 2877 0 0 0 0 0 0 0 0 0 0 0 0 0 0 0 0 0 0 0 0 ', 0, 0, 0, ''),
	(165, 50414, 3, 0, 0, 1, 0, '0 0 0 0 0 ', 1, '0 0 0 0 0 0 3530 0 0 0 0 0 0 0 0 2927 0 0 0 0 0 0 0 0 0 0 0 0 0 0 0 0 0 0 0 0 ', 0, 0, 0, ''),
	(166, 50343, 3, 0, 0, 1, 0, '0 0 0 0 0 ', 1, '0 0 0 0 0 0 0 0 0 0 0 0 0 0 0 0 0 0 0 0 0 0 0 0 0 0 0 0 0 0 0 0 0 0 0 0 ', 0, 0, 0, ''),
	(167, 47131, 3, 0, 0, 1, 0, '0 0 0 0 0 ', 1, '0 0 0 0 0 0 0 0 0 0 0 0 0 0 0 0 0 0 0 0 0 0 0 0 0 0 0 0 0 0 0 0 0 0 0 0 ', 0, 0, 0, ''),
	(168, 50470, 3, 0, 0, 1, 0, '0 0 0 0 0 ', 1, '1099 0 0 0 0 0 3530 0 0 0 0 0 0 0 0 0 0 0 0 0 0 0 0 0 0 0 0 0 0 0 0 0 0 0 0 0 ', 0, 0, 1108, ''),
	(169, 51388, 3, 0, 0, 1, 0, '0 0 0 0 0 ', 1, '3789 0 0 0 0 0 3525 0 0 3525 0 0 0 0 0 0 0 0 0 0 0 0 0 0 0 0 0 0 0 0 0 0 0 0 0 0 ', 0, 0, 1108, ''),
	(170, 51880, 3, 0, 0, 1, 0, '-1 0 0 0 0 ', 1, '0 0 0 0 0 0 3867 0 0 0 0 0 0 0 0 2936 0 0 0 0 0 0 0 0 0 0 0 0 0 0 0 0 0 0 0 0 ', 0, 0, 1107, ''),
	(171, 11364, 3, 0, 0, 1, 0, '0 0 0 0 0 ', 1, '0 0 0 0 0 0 0 0 0 0 0 0 0 0 0 0 0 0 0 0 0 0 0 0 0 0 0 0 0 0 0 0 0 0 0 0 ', 0, 0, 0, ''),
	(172, 29434, 3, 0, 0, 5, 0, '0 0 0 0 0 ', 1, '0 0 0 0 0 0 0 0 0 0 0 0 0 0 0 0 0 0 0 0 0 0 0 0 0 0 0 0 0 0 0 0 0 0 0 0 ', 0, 0, 0, ''),
	(173, 54218, 2, 0, 0, 1, 0, '0 0 0 0 0 ', 1, '0 0 0 0 0 0 0 0 0 0 0 0 0 0 0 0 0 0 0 0 0 0 0 0 0 0 0 0 0 0 0 0 0 0 0 0 ', 0, 0, 0, ''),
	(174, 54218, 3, 0, 0, 1, 0, '0 0 0 0 0 ', 1, '0 0 0 0 0 0 0 0 0 0 0 0 0 0 0 0 0 0 0 0 0 0 0 0 0 0 0 0 0 0 0 0 0 0 0 0 ', 0, 0, 0, ''),
	(176, 44990, 1, 0, 0, 1, 0, '0 0 0 0 0 ', 1, '0 0 0 0 0 0 0 0 0 0 0 0 0 0 0 0 0 0 0 0 0 0 0 0 0 0 0 0 0 0 0 0 0 0 0 0 ', 0, 0, 0, ''),
	(177, 42401, 2, 0, 0, 1, 0, '-1 0 0 0 0 ', 0, '0 0 0 0 0 0 0 0 0 0 0 0 0 0 0 0 0 0 0 0 0 0 0 0 0 0 0 0 0 0 0 0 0 0 0 0 ', 0, 0, 0, '');
/*!40000 ALTER TABLE `item_instance` ENABLE KEYS */;


# Dumping structure for table characters_kargath.item_refund_instance
DROP TABLE IF EXISTS `item_refund_instance`;
CREATE TABLE IF NOT EXISTS `item_refund_instance` (
  `item_guid` int(10) unsigned NOT NULL COMMENT 'Item GUID',
  `player_guid` int(10) unsigned NOT NULL COMMENT 'Player GUID',
  `paidMoney` int(10) unsigned NOT NULL DEFAULT '0',
  `paidExtendedCost` smallint(5) unsigned NOT NULL DEFAULT '0',
  PRIMARY KEY (`item_guid`,`player_guid`)
) ENGINE=InnoDB DEFAULT CHARSET=utf8 COMMENT='Item Refund System';

# Dumping data for table characters_kargath.item_refund_instance: ~0 rows (approximately)
DELETE FROM `item_refund_instance`;
/*!40000 ALTER TABLE `item_refund_instance` DISABLE KEYS */;
/*!40000 ALTER TABLE `item_refund_instance` ENABLE KEYS */;


# Dumping structure for table characters_kargath.item_soulbound_trade_data
DROP TABLE IF EXISTS `item_soulbound_trade_data`;
CREATE TABLE IF NOT EXISTS `item_soulbound_trade_data` (
  `itemGuid` int(10) unsigned NOT NULL COMMENT 'Item GUID',
  `allowedPlayers` text NOT NULL COMMENT 'Space separated GUID list of players who can receive this item in trade',
  PRIMARY KEY (`itemGuid`)
) ENGINE=InnoDB DEFAULT CHARSET=utf8 COMMENT='Item Refund System';

# Dumping data for table characters_kargath.item_soulbound_trade_data: ~0 rows (approximately)
DELETE FROM `item_soulbound_trade_data`;
/*!40000 ALTER TABLE `item_soulbound_trade_data` DISABLE KEYS */;
/*!40000 ALTER TABLE `item_soulbound_trade_data` ENABLE KEYS */;


# Dumping structure for table characters_kargath.lag_reports
DROP TABLE IF EXISTS `lag_reports`;
CREATE TABLE IF NOT EXISTS `lag_reports` (
  `reportId` int(10) unsigned NOT NULL AUTO_INCREMENT,
  `guid` int(10) unsigned NOT NULL DEFAULT '0',
  `lagType` tinyint(3) unsigned NOT NULL DEFAULT '0',
  `mapId` smallint(5) unsigned NOT NULL DEFAULT '0',
  `posX` float NOT NULL DEFAULT '0',
  `posY` float NOT NULL DEFAULT '0',
  `posZ` float NOT NULL DEFAULT '0',
  `latency` int(10) unsigned NOT NULL DEFAULT '0',
  `createTime` int(10) unsigned NOT NULL DEFAULT '0',
  PRIMARY KEY (`reportId`)
) ENGINE=InnoDB DEFAULT CHARSET=utf8 COMMENT='Player System';

# Dumping data for table characters_kargath.lag_reports: ~0 rows (approximately)
DELETE FROM `lag_reports`;
/*!40000 ALTER TABLE `lag_reports` DISABLE KEYS */;
/*!40000 ALTER TABLE `lag_reports` ENABLE KEYS */;


# Dumping structure for table characters_kargath.lfg_data
DROP TABLE IF EXISTS `lfg_data`;
CREATE TABLE IF NOT EXISTS `lfg_data` (
  `guid` int(10) unsigned NOT NULL DEFAULT '0' COMMENT 'Global Unique Identifier',
  `dungeon` int(10) unsigned NOT NULL DEFAULT '0',
  `state` tinyint(3) unsigned NOT NULL DEFAULT '0',
  PRIMARY KEY (`guid`)
) ENGINE=InnoDB DEFAULT CHARSET=utf8 COMMENT='LFG Data';

# Dumping data for table characters_kargath.lfg_data: ~0 rows (approximately)
DELETE FROM `lfg_data`;
/*!40000 ALTER TABLE `lfg_data` DISABLE KEYS */;
/*!40000 ALTER TABLE `lfg_data` ENABLE KEYS */;


# Dumping structure for table characters_kargath.mail
DROP TABLE IF EXISTS `mail`;
CREATE TABLE IF NOT EXISTS `mail` (
  `id` int(10) unsigned NOT NULL DEFAULT '0' COMMENT 'Identifier',
  `messageType` tinyint(3) unsigned NOT NULL DEFAULT '0',
  `stationery` tinyint(3) NOT NULL DEFAULT '41',
  `mailTemplateId` smallint(5) unsigned NOT NULL DEFAULT '0',
  `sender` int(10) unsigned NOT NULL DEFAULT '0' COMMENT 'Character Global Unique Identifier',
  `receiver` int(10) unsigned NOT NULL DEFAULT '0' COMMENT 'Character Global Unique Identifier',
  `subject` longtext,
  `body` longtext,
  `has_items` tinyint(3) unsigned NOT NULL DEFAULT '0',
  `expire_time` int(10) unsigned NOT NULL DEFAULT '0',
  `deliver_time` int(10) unsigned NOT NULL DEFAULT '0',
  `money` int(10) unsigned NOT NULL DEFAULT '0',
  `cod` int(10) unsigned NOT NULL DEFAULT '0',
  `checked` tinyint(3) unsigned NOT NULL DEFAULT '0',
  PRIMARY KEY (`id`),
  KEY `idx_receiver` (`receiver`)
) ENGINE=InnoDB DEFAULT CHARSET=utf8 COMMENT='Mail System';

# Dumping data for table characters_kargath.mail: ~1 rows (approximately)
DELETE FROM `mail`;
/*!40000 ALTER TABLE `mail` DISABLE KEYS */;
INSERT INTO `mail` (`id`, `messageType`, `stationery`, `mailTemplateId`, `sender`, `receiver`, `subject`, `body`, `has_items`, `expire_time`, `deliver_time`, `money`, `cod`, `checked`) VALUES
	(4, 0, 61, 0, 3, 3, 'This item(s) have problems with equipping/storing in inventory.', 'There were problems with equipping item(s).', 1, 1431292135, 1428700135, 0, 0, 4);
/*!40000 ALTER TABLE `mail` ENABLE KEYS */;


# Dumping structure for table characters_kargath.mail_items
DROP TABLE IF EXISTS `mail_items`;
CREATE TABLE IF NOT EXISTS `mail_items` (
  `mail_id` int(10) unsigned NOT NULL DEFAULT '0',
  `item_guid` int(10) unsigned NOT NULL DEFAULT '0',
  `receiver` int(10) unsigned NOT NULL DEFAULT '0' COMMENT 'Character Global Unique Identifier',
  PRIMARY KEY (`item_guid`),
  KEY `idx_receiver` (`receiver`),
  KEY `idx_mail_id` (`mail_id`)
) ENGINE=InnoDB DEFAULT CHARSET=utf8 ROW_FORMAT=DYNAMIC;

# Dumping data for table characters_kargath.mail_items: ~4 rows (approximately)
DELETE FROM `mail_items`;
/*!40000 ALTER TABLE `mail_items` DISABLE KEYS */;
INSERT INTO `mail_items` (`mail_id`, `item_guid`, `receiver`) VALUES
	(1, 29, 1),
	(2, 67, 2),
	(3, 98, 3),
	(4, 170, 3);
/*!40000 ALTER TABLE `mail_items` ENABLE KEYS */;


# Dumping structure for table characters_kargath.petition
DROP TABLE IF EXISTS `petition`;
CREATE TABLE IF NOT EXISTS `petition` (
  `ownerguid` int(10) unsigned NOT NULL,
  `petitionguid` int(10) unsigned DEFAULT '0',
  `name` varchar(24) NOT NULL,
  `type` tinyint(3) unsigned NOT NULL DEFAULT '0',
  PRIMARY KEY (`ownerguid`,`type`),
  UNIQUE KEY `index_ownerguid_petitionguid` (`ownerguid`,`petitionguid`)
) ENGINE=InnoDB DEFAULT CHARSET=utf8 COMMENT='Guild System';

# Dumping data for table characters_kargath.petition: ~0 rows (approximately)
DELETE FROM `petition`;
/*!40000 ALTER TABLE `petition` DISABLE KEYS */;
/*!40000 ALTER TABLE `petition` ENABLE KEYS */;


# Dumping structure for table characters_kargath.petition_sign
DROP TABLE IF EXISTS `petition_sign`;
CREATE TABLE IF NOT EXISTS `petition_sign` (
  `ownerguid` int(10) unsigned NOT NULL,
  `petitionguid` int(10) unsigned NOT NULL DEFAULT '0',
  `playerguid` int(10) unsigned NOT NULL DEFAULT '0',
  `player_account` int(10) unsigned NOT NULL DEFAULT '0',
  `type` tinyint(3) unsigned NOT NULL DEFAULT '0',
  PRIMARY KEY (`petitionguid`,`playerguid`),
  KEY `Idx_playerguid` (`playerguid`),
  KEY `Idx_ownerguid` (`ownerguid`)
) ENGINE=InnoDB DEFAULT CHARSET=utf8 COMMENT='Guild System';

# Dumping data for table characters_kargath.petition_sign: ~0 rows (approximately)
DELETE FROM `petition_sign`;
/*!40000 ALTER TABLE `petition_sign` DISABLE KEYS */;
/*!40000 ALTER TABLE `petition_sign` ENABLE KEYS */;


# Dumping structure for table characters_kargath.pet_aura
DROP TABLE IF EXISTS `pet_aura`;
CREATE TABLE IF NOT EXISTS `pet_aura` (
  `guid` int(10) unsigned NOT NULL DEFAULT '0' COMMENT 'Global Unique Identifier',
  `caster_guid` bigint(20) unsigned NOT NULL DEFAULT '0' COMMENT 'Full Global Unique Identifier',
  `spell` mediumint(8) unsigned NOT NULL DEFAULT '0',
  `effect_mask` tinyint(3) unsigned NOT NULL DEFAULT '0',
  `recalculate_mask` tinyint(3) unsigned NOT NULL DEFAULT '0',
  `stackcount` tinyint(3) unsigned NOT NULL DEFAULT '1',
  `amount0` mediumint(8) NOT NULL,
  `amount1` mediumint(8) NOT NULL,
  `amount2` mediumint(8) NOT NULL,
  `base_amount0` mediumint(8) NOT NULL,
  `base_amount1` mediumint(8) NOT NULL,
  `base_amount2` mediumint(8) NOT NULL,
  `maxduration` int(11) NOT NULL DEFAULT '0',
  `remaintime` int(11) NOT NULL DEFAULT '0',
  `remaincharges` tinyint(3) unsigned NOT NULL DEFAULT '0',
  PRIMARY KEY (`guid`,`spell`,`effect_mask`)
) ENGINE=InnoDB DEFAULT CHARSET=utf8 COMMENT='Pet System';

# Dumping data for table characters_kargath.pet_aura: ~0 rows (approximately)
DELETE FROM `pet_aura`;
/*!40000 ALTER TABLE `pet_aura` DISABLE KEYS */;
/*!40000 ALTER TABLE `pet_aura` ENABLE KEYS */;


# Dumping structure for table characters_kargath.pet_spell
DROP TABLE IF EXISTS `pet_spell`;
CREATE TABLE IF NOT EXISTS `pet_spell` (
  `guid` int(10) unsigned NOT NULL DEFAULT '0' COMMENT 'Global Unique Identifier',
  `spell` mediumint(8) unsigned NOT NULL DEFAULT '0' COMMENT 'Spell Identifier',
  `active` tinyint(3) unsigned NOT NULL DEFAULT '0',
  PRIMARY KEY (`guid`,`spell`)
) ENGINE=InnoDB DEFAULT CHARSET=utf8 COMMENT='Pet System';

# Dumping data for table characters_kargath.pet_spell: ~0 rows (approximately)
DELETE FROM `pet_spell`;
/*!40000 ALTER TABLE `pet_spell` DISABLE KEYS */;
/*!40000 ALTER TABLE `pet_spell` ENABLE KEYS */;


# Dumping structure for table characters_kargath.pet_spell_cooldown
DROP TABLE IF EXISTS `pet_spell_cooldown`;
CREATE TABLE IF NOT EXISTS `pet_spell_cooldown` (
  `guid` int(10) unsigned NOT NULL DEFAULT '0' COMMENT 'Global Unique Identifier, Low part',
  `spell` mediumint(8) unsigned NOT NULL DEFAULT '0' COMMENT 'Spell Identifier',
  `time` int(10) unsigned NOT NULL DEFAULT '0',
  PRIMARY KEY (`guid`,`spell`)
) ENGINE=InnoDB DEFAULT CHARSET=utf8;

# Dumping data for table characters_kargath.pet_spell_cooldown: ~0 rows (approximately)
DELETE FROM `pet_spell_cooldown`;
/*!40000 ALTER TABLE `pet_spell_cooldown` DISABLE KEYS */;
/*!40000 ALTER TABLE `pet_spell_cooldown` ENABLE KEYS */;


# Dumping structure for table characters_kargath.pool_quest_save
DROP TABLE IF EXISTS `pool_quest_save`;
CREATE TABLE IF NOT EXISTS `pool_quest_save` (
  `pool_id` int(10) unsigned NOT NULL DEFAULT '0',
  `quest_id` int(10) unsigned NOT NULL DEFAULT '0',
  PRIMARY KEY (`pool_id`,`quest_id`)
) ENGINE=InnoDB DEFAULT CHARSET=utf8;

# Dumping data for table characters_kargath.pool_quest_save: ~27 rows (approximately)
DELETE FROM `pool_quest_save`;
/*!40000 ALTER TABLE `pool_quest_save` DISABLE KEYS */;
INSERT INTO `pool_quest_save` (`pool_id`, `quest_id`) VALUES
	(348, 24635),
	(349, 14104),
	(350, 13905),
	(351, 13915),
	(352, 11380),
	(353, 11666),
	(354, 13423),
	(5662, 13673),
	(5663, 13764),
	(5664, 13768),
	(5665, 13773),
	(5666, 13778),
	(5667, 13783),
	(5668, 13670),
	(5669, 13600),
	(5670, 13741),
	(5671, 13746),
	(5672, 13759),
	(5673, 13754),
	(5674, 13102),
	(5675, 13112),
	(5676, 13833),
	(5677, 12963),
	(5678, 24580),
	(5681, 24874),
	(5690, 24876),
	(5690, 24877);
/*!40000 ALTER TABLE `pool_quest_save` ENABLE KEYS */;


# Dumping structure for table characters_kargath.reserved_name
DROP TABLE IF EXISTS `reserved_name`;
CREATE TABLE IF NOT EXISTS `reserved_name` (
  `name` varchar(12) NOT NULL DEFAULT '',
  PRIMARY KEY (`name`)
) ENGINE=InnoDB DEFAULT CHARSET=utf8 COMMENT='Player Reserved Names';

# Dumping data for table characters_kargath.reserved_name: ~0 rows (approximately)
DELETE FROM `reserved_name`;
/*!40000 ALTER TABLE `reserved_name` DISABLE KEYS */;
/*!40000 ALTER TABLE `reserved_name` ENABLE KEYS */;


# Dumping structure for table characters_kargath.template_npc_alliance
DROP TABLE IF EXISTS `template_npc_alliance`;
CREATE TABLE IF NOT EXISTS `template_npc_alliance` (
  `playerClass` varchar(50) NOT NULL,
  `playerSpec` varchar(50) NOT NULL,
  `pos` int(10) unsigned NOT NULL DEFAULT '0',
  `itemEntry` int(10) unsigned NOT NULL DEFAULT '0',
  `enchant` int(10) unsigned NOT NULL DEFAULT '0',
  `socket1` int(10) unsigned NOT NULL DEFAULT '0',
  `socket2` int(10) unsigned NOT NULL DEFAULT '0',
  `socket3` int(10) unsigned NOT NULL DEFAULT '0',
  `bonusEnchant` int(10) unsigned NOT NULL DEFAULT '0',
  `prismaticEnchant` int(10) DEFAULT NULL
) ENGINE=InnoDB DEFAULT CHARSET=utf8 COMMENT='Templates';

# Dumping data for table characters_kargath.template_npc_alliance: ~406 rows (approximately)
DELETE FROM `template_npc_alliance`;
/*!40000 ALTER TABLE `template_npc_alliance` DISABLE KEYS */;
INSERT INTO `template_npc_alliance` (`playerClass`, `playerSpec`, `pos`, `itemEntry`, `enchant`, `socket1`, `socket2`, `socket3`, `bonusEnchant`, `prismaticEnchant`) VALUES
	('DeathKnight', 'Unholy', 0, 51415, 3795, 3622, 3861, 0, 2787, 0),
	('DeathKnight', 'Unholy', 1, 49989, 0, 3535, 0, 0, 2927, 0),
	('DeathKnight', 'Unholy', 2, 51418, 3793, 3861, 0, 0, 0, 0),
	('DeathKnight', 'Unholy', 3, 45037, 0, 0, 0, 0, 0, 0),
	('DeathKnight', 'Unholy', 4, 51413, 3245, 3732, 3552, 0, 3600, 0),
	('DeathKnight', 'Unholy', 5, 51362, 0, 3535, 3861, 0, 2927, 3729),
	('DeathKnight', 'Unholy', 6, 51416, 3823, 3732, 3535, 0, 3357, 0),
	('DeathKnight', 'Unholy', 7, 51363, 1597, 3552, 0, 0, 2878, 0),
	('DeathKnight', 'Unholy', 8, 51832, 3845, 3861, 0, 0, 2892, 0),
	('DeathKnight', 'Unholy', 9, 51414, 1603, 3861, 3861, 0, 0, 3723),
	('DeathKnight', 'Unholy', 10, 49999, 0, 3552, 0, 0, 2927, 0),
	('DeathKnight', 'Unholy', 11, 50453, 0, 3552, 0, 0, 2927, 0),
	('DeathKnight', 'Unholy', 12, 47131, 0, 0, 0, 0, 0, 0),
	('DeathKnight', 'Unholy', 13, 51377, 0, 0, 0, 0, 0, 0),
	('DeathKnight', 'Unholy', 14, 51356, 3243, 0, 0, 0, 0, 0),
	('DeathKnight', 'Unholy', 15, 50415, 3368, 3861, 3535, 0, 3357, 0),
	('DeathKnight', 'Unholy', 17, 45254, 0, 0, 0, 0, 0, 0),
	('DeathKnight', 'Unholy', 18, 49086, 0, 0, 0, 0, 0, 0),
	('Shaman', 'Restoration', 0, 51499, 3797, 2831, 3561, 0, 2854, 0),
	('Shaman', 'Restoration', 1, 51335, 0, 0, 0, 0, 0, 0),
	('Shaman', 'Restoration', 2, 51502, 3794, 3585, 0, 0, 2865, 0),
	('Shaman', 'Restoration', 3, 23345, 0, 0, 0, 0, 0, 0),
	('Shaman', 'Restoration', 4, 51497, 3245, 3561, 3585, 0, 3600, 0),
	('Shaman', 'Restoration', 5, 51919, 0, 3561, 3530, 3560, 2369, 3729),
	('Shaman', 'Restoration', 6, 51500, 3853, 3546, 3586, 0, 3602, 0),
	('Shaman', 'Restoration', 7, 51372, 3232, 3586, 0, 0, 2878, 0),
	('Shaman', 'Restoration', 8, 51373, 2332, 3736, 0, 0, 0, 3717),
	('Shaman', 'Restoration', 9, 51498, 3234, 3586, 3744, 0, 2865, 3723),
	('Shaman', 'Restoration', 10, 49967, 0, 3561, 0, 0, 3752, 0),
	('Shaman', 'Restoration', 11, 51884, 0, 3561, 0, 0, 3752, 0),
	('Shaman', 'Restoration', 12, 50354, 0, 0, 0, 0, 0, 0),
	('Shaman', 'Restoration', 13, 51377, 0, 0, 0, 0, 0, 0),
	('Shaman', 'Restoration', 14, 51332, 3831, 0, 0, 0, 0, 0),
	('Shaman', 'Restoration', 15, 51453, 3834, 3586, 0, 0, 3752, 0),
	('Shaman', 'Restoration', 16, 51455, 3229, 0, 0, 0, 0, 0),
	('Shaman', 'Restoration', 17, 50464, 0, 0, 0, 0, 0, 0),
	('Shaman', 'Restoration', 18, 45577, 0, 0, 0, 0, 0, 0),
	('Druid', 'Restoration', 0, 51421, 3797, 3627, 3548, 0, 3352, 0),
	('Druid', 'Restoration', 1, 51335, 0, 0, 0, 0, 0, 0),
	('Druid', 'Restoration', 2, 51424, 3794, 3589, 0, 0, 2890, 0),
	('Druid', 'Restoration', 3, 4335, 0, 0, 0, 0, 0, 0),
	('Druid', 'Restoration', 4, 51419, 3245, 3520, 3586, 0, 3600, 0),
	('Druid', 'Restoration', 5, 51340, 0, 3589, 3545, 0, 2872, 3729),
	('Druid', 'Restoration', 6, 51422, 3719, 3520, 3545, 0, 3602, 0),
	('Druid', 'Restoration', 7, 51341, 3232, 3586, 0, 0, 2878, 0),
	('Druid', 'Restoration', 8, 51342, 2332, 0, 0, 0, 0, 0),
	('Druid', 'Restoration', 9, 51420, 3246, 3589, 0, 0, 2890, 0),
	('Druid', 'Restoration', 10, 51884, 0, 3546, 0, 0, 3752, 0),
	('Druid', 'Restoration', 11, 50424, 0, 3585, 0, 0, 3752, 0),
	('Druid', 'Restoration', 12, 47059, 0, 0, 0, 0, 0, 0),
	('Druid', 'Restoration', 13, 51377, 0, 0, 0, 0, 0, 0),
	('Druid', 'Restoration', 14, 51346, 3831, 0, 0, 0, 0, 0),
	('Druid', 'Restoration', 15, 51453, 3834, 3589, 0, 0, 3752, 0),
	('Druid', 'Restoration', 16, 51407, 0, 0, 0, 0, 0, 0),
	('Druid', 'Restoration', 17, 50454, 0, 0, 0, 0, 0, 0),
	('Druid', 'Restoration', 18, 43349, 0, 0, 0, 0, 0, 0),
	('Hunter', 'Marksmanship', 0, 51877, 3795, 3628, 3566, 0, 3313, 0),
	('Hunter', 'Marksmanship', 1, 50452, 0, 3566, 0, 0, 2877, 0),
	('Hunter', 'Marksmanship', 2, 51462, 3793, 3566, 0, 0, 2874, 0),
	('Hunter', 'Marksmanship', 3, 148, 0, 0, 0, 0, 0, 0),
	('Hunter', 'Marksmanship', 4, 51458, 3245, 3521, 3566, 0, 3600, 0),
	('Hunter', 'Marksmanship', 5, 50993, 0, 3566, 3566, 3521, 3355, 3729),
	('Hunter', 'Marksmanship', 6, 51461, 3823, 3521, 3879, 0, 3355, 0),
	('Hunter', 'Marksmanship', 7, 51818, 1597, 3566, 3521, 0, 3355, 0),
	('Hunter', 'Marksmanship', 8, 51352, 3845, 0, 0, 0, 0, 0),
	('Hunter', 'Marksmanship', 9, 51459, 1603, 3521, 0, 0, 0, 0),
	('Hunter', 'Marksmanship', 10, 50186, 0, 3521, 0, 0, 2877, 0),
	('Hunter', 'Marksmanship', 11, 49949, 0, 3566, 0, 0, 2877, 0),
	('Hunter', 'Marksmanship', 12, 50343, 0, 0, 0, 0, 0, 0),
	('Hunter', 'Marksmanship', 13, 51377, 0, 0, 0, 0, 0, 0),
	('Hunter', 'Marksmanship', 14, 49998, 1099, 3521, 0, 0, 0, 0),
	('Hunter', 'Marksmanship', 15, 51388, 3789, 3521, 3521, 0, 0, 0),
	('Hunter', 'Marksmanship', 17, 51449, 0, 0, 0, 0, 0, 0),
	('Hunter', 'Marksmanship', 18, 43349, 0, 0, 0, 0, 0, 0),
	('Warrior', 'Arms', 0, 51543, 3842, 3621, 3525, 0, 2787, 0),
	('Warrior', 'Arms', 1, 51822, 0, 3530, 0, 0, 2877, 0),
	('Warrior', 'Arms', 2, 51865, 3793, 3530, 3530, 0, 0, 0),
	('Warrior', 'Arms', 3, 6125, 0, 0, 0, 0, 0, 0),
	('Warrior', 'Arms', 4, 51541, 3245, 3525, 3530, 0, 3600, 0),
	('Warrior', 'Arms', 5, 51879, 0, 3525, 3530, 3530, 3357, 3729),
	('Warrior', 'Arms', 6, 51544, 3853, 3525, 3543, 0, 3357, 0),
	('Warrior', 'Arms', 7, 49983, 3232, 3530, 3525, 0, 3357, 0),
	('Warrior', 'Arms', 8, 50333, 3845, 3530, 3530, 0, 2877, 3717),
	('Warrior', 'Arms', 9, 51542, 1603, 3525, 0, 0, 0, 0),
	('Warrior', 'Arms', 10, 50186, 0, 3525, 0, 0, 2877, 0),
	('Warrior', 'Arms', 11, 50414, 0, 3530, 0, 0, 2927, 0),
	('Warrior', 'Arms', 12, 50343, 0, 0, 0, 0, 0, 0),
	('Warrior', 'Arms', 13, 51377, 0, 0, 0, 0, 0, 0),
	('Warrior', 'Arms', 14, 50470, 1099, 3530, 0, 0, 0, 0),
	('Warrior', 'Arms', 15, 49888, 3789, 3525, 3525, 0, 3357, 0),
	('Warrior', 'Arms', 17, 51880, 0, 3867, 0, 0, 2936, 0),
	('Warrior', 'Arms', 18, 11364, 0, 0, 0, 0, 0, 0),
	('Paladin', 'Retribution', 0, 51476, 3795, 3628, 3861, 0, 2787, 0),
	('Paladin', 'Retribution', 1, 49989, 0, 3861, 0, 0, 0, 0),
	('Paladin', 'Retribution', 2, 51479, 3793, 3861, 0, 0, 0, 0),
	('Paladin', 'Retribution', 3, 45, 0, 0, 0, 0, 0, 0),
	('Paladin', 'Retribution', 4, 51474, 3245, 3550, 3552, 0, 3600, 0),
	('Paladin', 'Retribution', 5, 50987, 0, 3861, 3861, 3861, 0, 3729),
	('Paladin', 'Retribution', 6, 51477, 3823, 3861, 3879, 0, 3357, 0),
	('Paladin', 'Retribution', 7, 51363, 1597, 3552, 0, 0, 2878, 0),
	('Paladin', 'Retribution', 8, 50002, 3845, 3552, 0, 0, 2927, 0),
	('Paladin', 'Retribution', 9, 51475, 1603, 3861, 0, 0, 0, 0),
	('Paladin', 'Retribution', 10, 51855, 0, 3861, 0, 0, 3765, 0),
	('Paladin', 'Retribution', 11, 49999, 0, 3552, 0, 0, 2927, 0),
	('Paladin', 'Retribution', 12, 47131, 0, 0, 0, 0, 0, 0),
	('Paladin', 'Retribution', 13, 51377, 0, 0, 0, 0, 0, 0),
	('Paladin', 'Retribution', 14, 50019, 1099, 3552, 0, 0, 2927, 0),
	('Paladin', 'Retribution', 15, 51388, 3789, 3861, 3861, 0, 0, 0),
	('Paladin', 'Retribution', 17, 50455, 0, 0, 0, 0, 0, 0),
	('Paladin', 'Retribution', 18, 45578, 0, 0, 0, 0, 0, 0),
	('Priest', 'Discipline', 0, 51484, 3797, 3627, 3546, 0, 3352, 0),
	('Priest', 'Discipline', 1, 51347, 0, 0, 0, 0, 0, 0),
	('Priest', 'Discipline', 2, 51486, 3794, 3586, 0, 0, 2890, 0),
	('Priest', 'Discipline', 3, 53, 0, 0, 0, 0, 0, 0),
	('Priest', 'Discipline', 4, 51482, 3245, 3546, 3586, 0, 3600, 0),
	('Priest', 'Discipline', 5, 51365, 0, 3586, 3585, 0, 2872, 3729),
	('Priest', 'Discipline', 6, 50056, 3853, 3546, 3586, 0, 3602, 0),
	('Priest', 'Discipline', 7, 51366, 3232, 3586, 0, 0, 2878, 0),
	('Priest', 'Discipline', 8, 51367, 2332, 3734, 0, 0, 0, 3717),
	('Priest', 'Discipline', 9, 51483, 3246, 3586, 0, 0, 2890, 0),
	('Priest', 'Discipline', 10, 51884, 0, 3546, 0, 0, 3752, 0),
	('Priest', 'Discipline', 11, 49967, 0, 3586, 0, 0, 3752, 0),
	('Priest', 'Discipline', 12, 50354, 0, 0, 0, 0, 0, 0),
	('Priest', 'Discipline', 13, 51377, 0, 0, 0, 0, 0, 0),
	('Priest', 'Discipline', 14, 51346, 3831, 0, 0, 0, 0, 0),
	('Priest', 'Discipline', 15, 51453, 3834, 3586, 0, 0, 3752, 0),
	('Priest', 'Discipline', 16, 51407, 0, 0, 0, 0, 0, 0),
	('Priest', 'Discipline', 17, 51451, 0, 0, 0, 0, 0, 0),
	('Priest', 'Discipline', 18, 45577, 0, 0, 0, 0, 0, 0),
	('Warlock', 'Destruction', 0, 51538, 3797, 3621, 3563, 0, 3821, 0),
	('Warlock', 'Destruction', 1, 50005, 0, 3563, 0, 0, 3752, 0),
	('Warlock', 'Destruction', 2, 51859, 3794, 3563, 3563, 0, 3602, 0),
	('Warlock', 'Destruction', 3, 6097, 0, 0, 0, 0, 0, 0),
	('Warlock', 'Destruction', 4, 51536, 3245, 3561, 3590, 0, 3307, 0),
	('Warlock', 'Destruction', 5, 51337, 0, 3590, 3531, 0, 2872, 3729),
	('Warlock', 'Destruction', 6, 51539, 3721, 3561, 3590, 0, 2770, 0),
	('Warlock', 'Destruction', 7, 51338, 3232, 3590, 0, 0, 2878, 0),
	('Warlock', 'Destruction', 8, 51339, 2332, 3734, 0, 0, 0, 3717),
	('Warlock', 'Destruction', 9, 51537, 3246, 3590, 3734, 0, 2872, 3723),
	('Warlock', 'Destruction', 10, 50170, 0, 3590, 0, 0, 3752, 0),
	('Warlock', 'Destruction', 11, 50008, 0, 3590, 0, 0, 3752, 0),
	('Warlock', 'Destruction', 12, 50360, 0, 0, 0, 0, 0, 0),
	('Warlock', 'Destruction', 13, 51377, 0, 0, 0, 0, 0, 0),
	('Warlock', 'Destruction', 14, 51332, 3243, 0, 0, 0, 0, 0),
	('Warlock', 'Destruction', 15, 51406, 3834, 3590, 0, 0, 3752, 0),
	('Warlock', 'Destruction', 16, 51407, 0, 0, 0, 0, 0, 0),
	('Warlock', 'Destruction', 17, 51451, 0, 0, 0, 0, 0, 0),
	('Warlock', 'Destruction', 18, 43349, 0, 0, 0, 0, 0, 0),
	('Rogue', 'Subtlety', 0, 51494, 3795, 3638, 3521, 0, 3314, 0),
	('Rogue', 'Subtlety', 1, 51890, 0, 3521, 0, 0, 2877, 0),
	('Rogue', 'Subtlety', 2, 51496, 3793, 3521, 0, 0, 0, 0),
	('Rogue', 'Subtlety', 3, 49, 0, 0, 0, 0, 0, 0),
	('Rogue', 'Subtlety', 4, 51492, 3245, 3521, 3566, 0, 3600, 0),
	('Rogue', 'Subtlety', 5, 51925, 0, 3521, 3292, 3521, 0, 3729),
	('Rogue', 'Subtlety', 6, 51495, 3823, 3521, 3879, 0, 3355, 0),
	('Rogue', 'Subtlety', 7, 51856, 3232, 3521, 3521, 0, 3355, 0),
	('Rogue', 'Subtlety', 8, 50333, 3845, 3521, 3292, 0, 0, 3717),
	('Rogue', 'Subtlety', 9, 51493, 1603, 3521, 3292, 0, 0, 3723),
	('Rogue', 'Subtlety', 10, 50186, 0, 3521, 0, 0, 2877, 0),
	('Rogue', 'Subtlety', 11, 51900, 0, 3566, 0, 0, 2936, 0),
	('Rogue', 'Subtlety', 12, 47131, 0, 0, 0, 0, 0, 0),
	('Rogue', 'Subtlety', 13, 51377, 0, 0, 0, 0, 0, 0),
	('Rogue', 'Subtlety', 14, 50470, 3256, 3521, 0, 0, 0, 0),
	('Rogue', 'Subtlety', 15, 51517, 3789, 3521, 0, 0, 0, 0),
	('Rogue', 'Subtlety', 16, 51527, 3731, 3521, 0, 0, 0, 0),
	('Rogue', 'Subtlety', 17, 51880, 0, 3566, 0, 0, 2936, 0),
	('Rogue', 'Subtlety', 18, 43349, 0, 0, 0, 0, 0, 0),
	('Rogue', 'Assassination', 0, 51494, 3795, 3628, 3521, 0, 3314, 0),
	('Rogue', 'Assassination', 1, 51890, 0, 3521, 0, 0, 2877, 0),
	('Rogue', 'Assassination', 2, 51496, 3793, 3521, 0, 0, 0, 0),
	('Rogue', 'Assassination', 3, 2105, 0, 0, 0, 0, 0, 0),
	('Rogue', 'Assassination', 4, 51492, 3245, 3521, 3566, 0, 3600, 0),
	('Rogue', 'Assassination', 5, 51925, 0, 3521, 3521, 3292, 0, 3729),
	('Rogue', 'Assassination', 6, 51495, 3823, 3521, 3879, 0, 3355, 0),
	('Rogue', 'Assassination', 7, 51369, 3232, 3566, 0, 0, 2878, 0),
	('Rogue', 'Assassination', 8, 51820, 3845, 3521, 3292, 0, 2877, 3717),
	('Rogue', 'Assassination', 9, 51493, 1603, 3521, 0, 0, 0, 0),
	('Rogue', 'Assassination', 10, 51843, 0, 3521, 0, 0, 1585, 0),
	('Rogue', 'Assassination', 11, 50186, 0, 3521, 0, 0, 2877, 0),
	('Rogue', 'Assassination', 12, 47131, 0, 0, 0, 0, 0, 0),
	('Rogue', 'Assassination', 13, 51377, 0, 0, 0, 0, 0, 0),
	('Rogue', 'Assassination', 14, 49998, 3256, 3521, 0, 0, 0, 0),
	('Rogue', 'Assassination', 15, 51517, 3789, 3521, 0, 0, 0, 0),
	('Rogue', 'Assassination', 16, 51527, 3731, 3521, 0, 0, 0, 0),
	('Rogue', 'Assassination', 17, 51880, 0, 3566, 0, 0, 2936, 0),
	('Rogue', 'Assassination', 18, 43349, 0, 0, 0, 0, 0, 0),
	('Druid', 'Feral', 0, 51427, 3795, 3628, 3525, 0, 3314, 0),
	('Druid', 'Feral', 1, 51353, 0, 0, 0, 0, 0, 0),
	('Druid', 'Feral', 2, 51430, 3793, 3530, 0, 0, 2952, 0),
	('Druid', 'Feral', 3, 52019, 0, 0, 0, 0, 0, 0),
	('Druid', 'Feral', 4, 51425, 3245, 3525, 3530, 0, 3600, 0),
	('Druid', 'Feral', 5, 50067, 0, 3589, 3525, 3525, 3355, 3729),
	('Druid', 'Feral', 6, 51428, 3853, 3525, 3589, 0, 3355, 0),
	('Druid', 'Feral', 7, 51856, 983, 3525, 3525, 0, 3355, 0),
	('Druid', 'Feral', 8, 50333, 3845, 3530, 3745, 0, 2877, 3717),
	('Druid', 'Feral', 9, 51426, 3234, 3589, 3745, 0, 2874, 3723),
	('Druid', 'Feral', 10, 47934, 0, 3530, 0, 0, 2877, 0),
	('Druid', 'Feral', 11, 50186, 0, 3525, 0, 0, 2877, 0),
	('Druid', 'Feral', 12, 50362, 0, 0, 0, 0, 0, 0),
	('Druid', 'Feral', 13, 51377, 0, 0, 0, 0, 0, 0),
	('Druid', 'Feral', 14, 51356, 3243, 0, 0, 0, 0, 0),
	('Druid', 'Feral', 15, 51431, 3827, 3745, 3589, 0, 3764, 0),
	('Druid', 'Feral', 17, 47668, 0, 0, 0, 0, 0, 0),
	('Druid', 'Feral', 18, 49086, 0, 0, 0, 0, 0, 0),
	('Warrior', 'Protection', 0, 51212, 3817, 3628, 3525, 0, 3312, 0),
	('Warrior', 'Protection', 1, 51822, 0, 3525, 0, 0, 0, 0),
	('Warrior', 'Protection', 2, 51215, 3808, 3525, 0, 0, 2868, 0),
	('Warrior', 'Protection', 3, 38, 0, 0, 0, 0, 0, 0),
	('Warrior', 'Protection', 4, 51214, 3832, 3525, 3543, 0, 3357, 0),
	('Warrior', 'Protection', 5, 51879, 0, 3525, 3525, 3525, 0, 3729),
	('Warrior', 'Protection', 6, 51817, 3823, 3525, 3525, 3525, 0, 0),
	('Warrior', 'Protection', 7, 49983, 3232, 3549, 3525, 0, 3357, 0),
	('Warrior', 'Protection', 8, 50333, 3845, 3525, 3525, 0, 0, 3717),
	('Warrior', 'Protection', 9, 51217, 3234, 3525, 3525, 0, 0, 3723),
	('Warrior', 'Protection', 10, 50186, 0, 3525, 0, 0, 2877, 0),
	('Warrior', 'Protection', 11, 50414, 0, 3525, 0, 0, 0, 0),
	('Warrior', 'Protection', 12, 50362, 0, 0, 0, 0, 0, 0),
	('Warrior', 'Protection', 13, 46082, 0, 0, 0, 0, 0, 0),
	('Warrior', 'Protection', 14, 50470, 1099, 3525, 0, 0, 0, 0),
	('Warrior', 'Protection', 15, 51916, 3225, 3525, 0, 0, 2936, 0),
	('Warrior', 'Protection', 16, 50065, 3849, 0, 0, 0, 0, 0),
	('Warrior', 'Protection', 17, 51880, 0, 3525, 0, 0, 0, 0),
	('Warrior', 'Protection', 18, 45578, 0, 0, 0, 0, 0, 0),
	('Warlock', 'Affliction', 0, 51538, 3796, 3639, 3563, 0, 3821, 0),
	('Warlock', 'Affliction', 1, 51333, 0, 0, 0, 0, 0, 0),
	('Warlock', 'Affliction', 2, 51540, 3794, 3563, 0, 0, 2868, 0),
	('Warlock', 'Affliction', 3, 6097, 0, 0, 0, 0, 0, 0),
	('Warlock', 'Affliction', 4, 51536, 3245, 3563, 3531, 0, 3307, 0),
	('Warlock', 'Affliction', 5, 51337, 0, 3548, 3563, 0, 2872, 3729),
	('Warlock', 'Affliction', 6, 49891, 3721, 3563, 3530, 3590, 3753, 0),
	('Warlock', 'Affliction', 7, 51338, 3232, 3561, 0, 0, 2878, 0),
	('Warlock', 'Affliction', 8, 51339, 2332, 3739, 0, 0, 0, 3717),
	('Warlock', 'Affliction', 9, 51537, 3246, 3548, 3531, 0, 2872, 3723),
	('Warlock', 'Affliction', 10, 50170, 0, 3548, 0, 0, 3752, 0),
	('Warlock', 'Affliction', 11, 50008, 0, 3548, 0, 0, 3752, 0),
	('Warlock', 'Affliction', 12, 50360, 0, 0, 0, 0, 0, 0),
	('Warlock', 'Affliction', 13, 51377, 0, 0, 0, 0, 0, 0),
	('Warlock', 'Affliction', 14, 51332, 3243, 0, 0, 0, 0, 0),
	('Warlock', 'Affliction', 15, 51406, 3834, 3548, 0, 0, 3752, 0),
	('Warlock', 'Affliction', 16, 51407, 0, 0, 0, 0, 0, 0),
	('Warlock', 'Affliction', 17, 51451, 0, 0, 0, 0, 0, 0),
	('Warlock', 'Affliction', 18, 45577, 0, 0, 0, 0, 0, 0),
	('Shaman', 'Elemental', 0, 51499, 3797, 3639, 3548, 0, 2854, 0),
	('Shaman', 'Elemental', 1, 50005, 0, 3531, 0, 0, 3752, 0),
	('Shaman', 'Elemental', 2, 51502, 3794, 3590, 0, 0, 2865, 0),
	('Shaman', 'Elemental', 3, 6134, 0, 0, 0, 0, 0, 0),
	('Shaman', 'Elemental', 4, 51497, 3245, 3563, 3531, 0, 3600, 0),
	('Shaman', 'Elemental', 5, 50015, 0, 3590, 3563, 3739, 3602, 3729),
	('Shaman', 'Elemental', 6, 51512, 3721, 3563, 3548, 0, 3602, 0),
	('Shaman', 'Elemental', 7, 51873, 3232, 3531, 3531, 0, 2369, 0),
	('Shaman', 'Elemental', 8, 51373, 2332, 3744, 0, 0, 0, 3717),
	('Shaman', 'Elemental', 9, 51510, 3234, 3590, 3739, 0, 2865, 3723),
	('Shaman', 'Elemental', 10, 51884, 0, 3563, 0, 0, 3752, 0),
	('Shaman', 'Elemental', 11, 50170, 0, 3548, 0, 0, 3752, 0),
	('Shaman', 'Elemental', 12, 47059, 0, 0, 0, 0, 0, 0),
	('Shaman', 'Elemental', 13, 51377, 0, 0, 0, 0, 0, 0),
	('Shaman', 'Elemental', 14, 51332, 3243, 0, 0, 0, 0, 0),
	('Shaman', 'Elemental', 15, 51406, 3834, 3590, 0, 0, 3752, 0),
	('Shaman', 'Elemental', 16, 51455, 3229, 0, 0, 0, 0, 0),
	('Shaman', 'Elemental', 17, 50458, 0, 0, 0, 0, 0, 0),
	('Shaman', 'Elemental', 18, 45580, 0, 0, 0, 0, 0, 0),
	('Druid', 'Ballance', 0, 51435, 3797, 3639, 3563, 0, 3352, 0),
	('Druid', 'Ballance', 1, 51333, 0, 0, 0, 0, 0, 0),
	('Druid', 'Ballance', 2, 51438, 3794, 3531, 0, 0, 2890, 0),
	('Druid', 'Ballance', 3, 4344, 0, 0, 0, 0, 0, 0),
	('Druid', 'Ballance', 4, 51433, 3245, 3563, 3531, 0, 3600, 0),
	('Druid', 'Ballance', 5, 51343, 0, 3583, 3531, 0, 2872, 3729),
	('Druid', 'Ballance', 6, 51436, 3721, 3563, 3582, 0, 3602, 0),
	('Druid', 'Ballance', 7, 51344, 3232, 3531, 0, 0, 2878, 0),
	('Druid', 'Ballance', 8, 51345, 2332, 3744, 0, 0, 0, 3717),
	('Druid', 'Ballance', 9, 51434, 3246, 3582, 3744, 0, 2890, 3723),
	('Druid', 'Ballance', 10, 49967, 0, 3581, 0, 0, 3752, 0),
	('Druid', 'Ballance', 11, 50170, 0, 3586, 0, 0, 3752, 0),
	('Druid', 'Ballance', 12, 50353, 0, 0, 0, 0, 0, 0),
	('Druid', 'Ballance', 13, 42124, 0, 0, 0, 0, 0, 0),
	('Druid', 'Ballance', 14, 51332, 3831, 0, 0, 0, 0, 0),
	('Druid', 'Ballance', 15, 51406, 3834, 3582, 0, 0, 3752, 0),
	('Druid', 'Ballance', 16, 51408, 0, 0, 0, 0, 0, 0),
	('Druid', 'Ballance', 17, 50457, 0, 0, 0, 0, 0, 0),
	('Druid', 'Ballance', 18, 45577, 0, 0, 0, 0, 0, 0),
	('Mage', 'Frost', 0, 51465, 3797, 3639, 3563, 0, 3821, 0),
	('Mage', 'Frost', 1, 51333, 0, 0, 0, 0, 0, 0),
	('Mage', 'Frost', 2, 51467, 3794, 3563, 0, 0, 2868, 0),
	('Mage', 'Frost', 3, 6096, 0, 0, 0, 0, 0, 0),
	('Mage', 'Frost', 4, 51156, 3245, 3563, 3590, 0, 3602, 0),
	('Mage', 'Frost', 5, 51337, 0, 3590, 3563, 0, 2872, 3729),
	('Mage', 'Frost', 6, 50056, 3721, 3563, 3590, 0, 3602, 0),
	('Mage', 'Frost', 7, 51338, 3232, 3531, 0, 0, 2878, 0),
	('Mage', 'Frost', 8, 51339, 2332, 0, 0, 0, 0, 0),
	('Mage', 'Frost', 9, 51464, 3246, 3590, 0, 0, 2872, 0),
	('Mage', 'Frost', 10, 49967, 0, 3531, 0, 0, 3752, 0),
	('Mage', 'Frost', 11, 50170, 0, 3590, 0, 0, 3752, 0),
	('Mage', 'Frost', 12, 47059, 0, 0, 0, 0, 0, 0),
	('Mage', 'Frost', 13, 51377, 0, 0, 0, 0, 0, 0),
	('Mage', 'Frost', 14, 51332, 3243, 0, 0, 0, 0, 0),
	('Mage', 'Frost', 15, 51406, 3834, 3590, 0, 0, 3752, 0),
	('Mage', 'Frost', 16, 51407, 0, 0, 0, 0, 0, 0),
	('Mage', 'Frost', 17, 51531, 0, 0, 0, 0, 0, 0),
	('Mage', 'Frost', 18, 51534, 0, 0, 0, 0, 0, 0),
	('Shaman', 'Enhancement', 0, 51505, 3795, 3638, 3521, 0, 2843, 0),
	('Shaman', 'Enhancement', 1, 51890, 0, 3521, 0, 0, 2877, 0),
	('Shaman', 'Enhancement', 2, 51508, 3793, 3566, 0, 0, 2874, 0),
	('Shaman', 'Enhancement', 3, 53, 0, 0, 0, 0, 0, 0),
	('Shaman', 'Enhancement', 4, 51503, 3245, 3521, 3566, 0, 3600, 0),
	('Shaman', 'Enhancement', 5, 51350, 0, 3590, 3292, 0, 2877, 3729),
	('Shaman', 'Enhancement', 6, 51506, 3823, 3292, 3590, 0, 3355, 0),
	('Shaman', 'Enhancement', 7, 51351, 3232, 3531, 0, 0, 2878, 0),
	('Shaman', 'Enhancement', 8, 51914, 3845, 3521, 3521, 0, 2877, 3717),
	('Shaman', 'Enhancement', 9, 51504, 1603, 3590, 3292, 0, 2874, 3723),
	('Shaman', 'Enhancement', 10, 51843, 0, 3521, 0, 0, 1585, 0),
	('Shaman', 'Enhancement', 11, 49949, 0, 3531, 0, 0, 2877, 0),
	('Shaman', 'Enhancement', 12, 51377, 0, 0, 0, 0, 0, 0),
	('Shaman', 'Enhancement', 13, 50355, 0, 0, 0, 0, 0, 0),
	('Shaman', 'Enhancement', 14, 49998, 3243, 3590, 0, 0, 2877, 0),
	('Shaman', 'Enhancement', 15, 51515, 3789, 3521, 0, 0, 0, 0),
	('Shaman', 'Enhancement', 16, 51525, 3731, 3521, 0, 0, 0, 0),
	('Shaman', 'Enhancement', 17, 50463, 0, 0, 0, 0, 0, 0),
	('Shaman', 'Enhancement', 18, 45580, 0, 0, 0, 0, 0, 0),
	('Priest', 'Shadow', 0, 51484, 3797, 3627, 3563, 0, 3352, 0),
	('Priest', 'Shadow', 1, 51333, 0, 0, 0, 0, 0, 0),
	('Priest', 'Shadow', 2, 51486, 3794, 3531, 0, 0, 2890, 0),
	('Priest', 'Shadow', 3, 148, 0, 0, 0, 0, 0, 0),
	('Priest', 'Shadow', 4, 51482, 3245, 3561, 3531, 0, 3600, 0),
	('Priest', 'Shadow', 5, 51337, 0, 3590, 3590, 0, 2872, 3729),
	('Priest', 'Shadow', 6, 51485, 3719, 3561, 3590, 0, 2770, 0),
	('Priest', 'Shadow', 7, 51338, 3232, 3739, 0, 0, 2878, 0),
	('Priest', 'Shadow', 8, 51339, 2332, 3744, 0, 0, 0, 3717),
	('Priest', 'Shadow', 9, 51483, 3246, 3590, 3739, 0, 2890, 3723),
	('Priest', 'Shadow', 10, 51884, 0, 3561, 0, 0, 3752, 0),
	('Priest', 'Shadow', 11, 49967, 0, 3531, 0, 0, 3752, 0),
	('Priest', 'Shadow', 12, 47059, 0, 0, 0, 0, 0, 0),
	('Priest', 'Shadow', 13, 51377, 0, 0, 0, 0, 0, 0),
	('Priest', 'Shadow', 14, 51332, 3243, 0, 0, 0, 0, 0),
	('Priest', 'Shadow', 15, 51406, 3834, 3590, 0, 0, 3752, 0),
	('Priest', 'Shadow', 16, 51407, 0, 0, 0, 0, 0, 0),
	('Priest', 'Shadow', 17, 51852, 0, 3531, 0, 0, 3267, 0),
	('Priest', 'Shadow', 18, 20132, 0, 0, 0, 0, 0, 0);
/*!40000 ALTER TABLE `template_npc_alliance` ENABLE KEYS */;


# Dumping structure for table characters_kargath.template_npc_glyphs
DROP TABLE IF EXISTS `template_npc_glyphs`;
CREATE TABLE IF NOT EXISTS `template_npc_glyphs` (
  `playerClass` varchar(50) NOT NULL,
  `playerSpec` varchar(50) NOT NULL,
  `slot` tinyint(3) unsigned NOT NULL DEFAULT '0',
  `glyph` smallint(5) unsigned NOT NULL DEFAULT '0'
) ENGINE=InnoDB DEFAULT CHARSET=utf8;

# Dumping data for table characters_kargath.template_npc_glyphs: ~108 rows (approximately)
DELETE FROM `template_npc_glyphs`;
/*!40000 ALTER TABLE `template_npc_glyphs` DISABLE KEYS */;
INSERT INTO `template_npc_glyphs` (`playerClass`, `playerSpec`, `slot`, `glyph`) VALUES
	('DeathKnight', 'Unholy', 0, 772),
	('DeathKnight', 'Unholy', 1, 553),
	('DeathKnight', 'Unholy', 2, 518),
	('DeathKnight', 'Unholy', 3, 771),
	('DeathKnight', 'Unholy', 4, 522),
	('DeathKnight', 'Unholy', 5, 527),
	('Shaman', 'Restoration', 0, 751),
	('Shaman', 'Restoration', 1, 476),
	('Shaman', 'Restoration', 2, 552),
	('Shaman', 'Restoration', 3, 224),
	('Shaman', 'Restoration', 4, 475),
	('Shaman', 'Restoration', 5, 754),
	('Druid', 'Restoration', 0, 168),
	('Druid', 'Restoration', 1, 551),
	('Druid', 'Restoration', 2, 0),
	('Druid', 'Restoration', 3, 676),
	('Druid', 'Restoration', 4, 435),
	('Druid', 'Restoration', 5, 169),
	('Hunter', 'Marksmanship', 0, 365),
	('Hunter', 'Marksmanship', 1, 0),
	('Hunter', 'Marksmanship', 2, 0),
	('Hunter', 'Marksmanship', 3, 361),
	('Hunter', 'Marksmanship', 4, 0),
	('Hunter', 'Marksmanship', 5, 677),
	('Warrior', 'Arms', 0, 500),
	('Warrior', 'Arms', 1, 0),
	('Warrior', 'Arms', 2, 0),
	('Warrior', 'Arms', 3, 762),
	('Warrior', 'Arms', 4, 0),
	('Warrior', 'Arms', 5, 489),
	('Paladin', 'Retribution', 0, 183),
	('Paladin', 'Retribution', 1, 457),
	('Paladin', 'Retribution', 2, 453),
	('Paladin', 'Retribution', 3, 193),
	('Paladin', 'Retribution', 4, 456),
	('Paladin', 'Retribution', 5, 560),
	('Warlock', 'Destruction', 0, 757),
	('Warlock', 'Destruction', 1, 480),
	('Warlock', 'Destruction', 2, 478),
	('Warlock', 'Destruction', 3, 273),
	('Warlock', 'Destruction', 4, 482),
	('Warlock', 'Destruction', 5, 759),
	('Rogue', 'Assassination', 0, 733),
	('Rogue', 'Assassination', 1, 0),
	('Rogue', 'Assassination', 2, 0),
	('Rogue', 'Assassination', 3, 405),
	('Rogue', 'Assassination', 4, 469),
	('Rogue', 'Assassination', 5, 408),
	('Druid', 'Feral', 0, 811),
	('Druid', 'Feral', 1, 435),
	('Druid', 'Feral', 2, 434),
	('Druid', 'Feral', 3, 671),
	('Druid', 'Feral', 4, 551),
	('Druid', 'Feral', 5, 166),
	('Warrior', 'Protection', 0, 492),
	('Warrior', 'Protection', 1, 487),
	('Warrior', 'Protection', 2, 483),
	('Warrior', 'Protection', 3, 493),
	('Warrior', 'Protection', 4, 488),
	('Warrior', 'Protection', 5, 490),
	('Warlock', 'Affliction', 0, 911),
	('Warlock', 'Affliction', 1, 480),
	('Warlock', 'Affliction', 2, 0),
	('Warlock', 'Affliction', 3, 759),
	('Warlock', 'Affliction', 4, 477),
	('Warlock', 'Affliction', 5, 274),
	('Shaman', 'Elemental', 0, 214),
	('Shaman', 'Elemental', 1, 474),
	('Shaman', 'Elemental', 2, 476),
	('Shaman', 'Elemental', 3, 754),
	('Shaman', 'Elemental', 4, 552),
	('Shaman', 'Elemental', 5, 752),
	('Druid', 'Ballance', 0, 178),
	('Druid', 'Ballance', 1, 435),
	('Druid', 'Ballance', 2, 551),
	('Druid', 'Ballance', 3, 176),
	('Druid', 'Ballance', 4, 433),
	('Druid', 'Ballance', 5, 169),
	('Mage', 'Frost', 0, 323),
	('Mage', 'Frost', 1, 451),
	('Mage', 'Frost', 2, 447),
	('Mage', 'Frost', 3, 315),
	('Mage', 'Frost', 4, 446),
	('Mage', 'Frost', 5, 700),
	('Shaman', 'Enhancement', 0, 754),
	('Shaman', 'Enhancement', 1, 552),
	('Shaman', 'Enhancement', 2, 0),
	('Shaman', 'Enhancement', 3, 736),
	('Shaman', 'Enhancement', 4, 476),
	('Shaman', 'Enhancement', 5, 231),
	('Priest', 'Shadow', 0, 708),
	('Priest', 'Shadow', 1, 458),
	('Priest', 'Shadow', 2, 460),
	('Priest', 'Shadow', 3, 261),
	('Priest', 'Shadow', 4, 459),
	('Priest', 'Shadow', 5, 269),
	('Priest', 'Discipline', 0, 710),
	('Priest', 'Discipline', 1, 462),
	('Priest', 'Discipline', 2, 463),
	('Priest', 'Discipline', 3, 713),
	('Priest', 'Discipline', 4, 461),
	('Priest', 'Discipline', 5, 263),
	('Rogue', 'Subtlety', 0, 405),
	('Rogue', 'Subtlety', 1, 464),
	('Rogue', 'Subtlety', 2, 467),
	('Rogue', 'Subtlety', 3, 716),
	('Rogue', 'Subtlety', 4, 469),
	('Rogue', 'Subtlety', 5, 398);
/*!40000 ALTER TABLE `template_npc_glyphs` ENABLE KEYS */;


# Dumping structure for table characters_kargath.template_npc_horde
DROP TABLE IF EXISTS `template_npc_horde`;
CREATE TABLE IF NOT EXISTS `template_npc_horde` (
  `playerClass` varchar(50) NOT NULL,
  `playerSpec` varchar(50) NOT NULL,
  `pos` int(10) unsigned NOT NULL DEFAULT '0',
  `itemEntry` int(10) unsigned NOT NULL DEFAULT '0',
  `enchant` int(10) unsigned NOT NULL DEFAULT '0',
  `socket1` int(10) unsigned NOT NULL DEFAULT '0',
  `socket2` int(10) unsigned NOT NULL DEFAULT '0',
  `socket3` int(10) unsigned NOT NULL DEFAULT '0',
  `bonusEnchant` int(10) unsigned NOT NULL DEFAULT '0',
  `prismaticEnchant` int(10) DEFAULT NULL
) ENGINE=InnoDB DEFAULT CHARSET=utf8 COMMENT='Templates';

# Dumping data for table characters_kargath.template_npc_horde: ~381 rows (approximately)
DELETE FROM `template_npc_horde`;
/*!40000 ALTER TABLE `template_npc_horde` DISABLE KEYS */;
INSERT INTO `template_npc_horde` (`playerClass`, `playerSpec`, `pos`, `itemEntry`, `enchant`, `socket1`, `socket2`, `socket3`, `bonusEnchant`, `prismaticEnchant`) VALUES
	('DeathKnight', 'Unholy', 0, 51415, 3795, 3622, 3861, 0, 2787, 0),
	('DeathKnight', 'Unholy', 1, 49989, 0, 3535, 0, 0, 2927, 0),
	('DeathKnight', 'Unholy', 2, 51418, 3793, 3861, 0, 0, 0, 0),
	('DeathKnight', 'Unholy', 3, 45037, 0, 0, 0, 0, 0, 0),
	('DeathKnight', 'Unholy', 4, 51413, 3245, 3732, 3552, 0, 3600, 0),
	('DeathKnight', 'Unholy', 5, 51362, 0, 3535, 3861, 0, 2927, 3729),
	('DeathKnight', 'Unholy', 6, 51416, 3823, 3732, 3535, 0, 3357, 0),
	('DeathKnight', 'Unholy', 7, 51363, 1597, 3552, 0, 0, 2878, 0),
	('DeathKnight', 'Unholy', 8, 51832, 3845, 3861, 0, 0, 2892, 0),
	('DeathKnight', 'Unholy', 9, 51414, 1603, 3861, 3861, 0, 0, 3723),
	('DeathKnight', 'Unholy', 10, 49999, 0, 3552, 0, 0, 2927, 0),
	('DeathKnight', 'Unholy', 11, 50453, 0, 3552, 0, 0, 2927, 0),
	('DeathKnight', 'Unholy', 12, 47464, 0, 0, 0, 0, 0, 0),
	('DeathKnight', 'Unholy', 13, 51378, 0, 0, 0, 0, 0, 0),
	('DeathKnight', 'Unholy', 14, 51356, 3243, 0, 0, 0, 0, 0),
	('DeathKnight', 'Unholy', 15, 50415, 3368, 3861, 3535, 0, 3357, 0),
	('DeathKnight', 'Unholy', 17, 45254, 0, 0, 0, 0, 0, 0),
	('DeathKnight', 'Unholy', 18, 49086, 0, 0, 0, 0, 0, 0),
	('Shaman', 'Restoration', 0, 51499, 3797, 2831, 3561, 0, 2854, 0),
	('Shaman', 'Restoration', 1, 51335, 0, 0, 0, 0, 0, 0),
	('Shaman', 'Restoration', 2, 51502, 3794, 3585, 0, 0, 2865, 0),
	('Shaman', 'Restoration', 3, 23345, 0, 0, 0, 0, 0, 0),
	('Shaman', 'Restoration', 4, 51497, 3245, 3561, 3585, 0, 3600, 0),
	('Shaman', 'Restoration', 5, 51919, 0, 3561, 3530, 3560, 2369, 3729),
	('Shaman', 'Restoration', 6, 51500, 3853, 3546, 3586, 0, 3602, 0),
	('Shaman', 'Restoration', 7, 51372, 3232, 3586, 0, 0, 2878, 0),
	('Shaman', 'Restoration', 8, 51373, 2332, 3736, 0, 0, 0, 3717),
	('Shaman', 'Restoration', 9, 51498, 3234, 3586, 3744, 0, 2865, 3723),
	('Shaman', 'Restoration', 10, 49967, 0, 3561, 0, 0, 3752, 0),
	('Shaman', 'Restoration', 11, 51884, 0, 3561, 0, 0, 3752, 0),
	('Shaman', 'Restoration', 12, 50354, 0, 0, 0, 0, 0, 0),
	('Shaman', 'Restoration', 13, 51378, 0, 0, 0, 0, 0, 0),
	('Shaman', 'Restoration', 14, 51332, 3831, 0, 0, 0, 0, 0),
	('Shaman', 'Restoration', 15, 51453, 3834, 3586, 0, 0, 3752, 0),
	('Shaman', 'Restoration', 16, 51455, 3229, 0, 0, 0, 0, 0),
	('Shaman', 'Restoration', 17, 50464, 0, 0, 0, 0, 0, 0),
	('Shaman', 'Restoration', 18, 45582, 0, 0, 0, 0, 0, 0),
	('Druid', 'Restoration', 0, 51421, 3797, 3627, 3548, 0, 3352, 0),
	('Druid', 'Restoration', 1, 51335, 0, 0, 0, 0, 0, 0),
	('Druid', 'Restoration', 2, 51424, 3794, 3589, 0, 0, 2890, 0),
	('Druid', 'Restoration', 3, 4335, 0, 0, 0, 0, 0, 0),
	('Druid', 'Restoration', 4, 51419, 3245, 3520, 3586, 0, 3600, 0),
	('Druid', 'Restoration', 5, 51340, 0, 3589, 3545, 0, 2872, 3729),
	('Druid', 'Restoration', 6, 51422, 3719, 3520, 3545, 0, 3602, 0),
	('Druid', 'Restoration', 7, 51341, 3232, 3586, 0, 0, 2878, 0),
	('Druid', 'Restoration', 8, 51342, 2332, 0, 0, 0, 0, 0),
	('Druid', 'Restoration', 9, 51420, 3246, 3589, 0, 0, 2890, 0),
	('Druid', 'Restoration', 10, 51884, 0, 3546, 0, 0, 3752, 0),
	('Druid', 'Restoration', 11, 50424, 0, 3585, 0, 0, 3752, 0),
	('Druid', 'Restoration', 12, 47432, 0, 0, 0, 0, 0, 0),
	('Druid', 'Restoration', 13, 51378, 0, 0, 0, 0, 0, 0),
	('Druid', 'Restoration', 14, 51346, 3831, 0, 0, 0, 0, 0),
	('Druid', 'Restoration', 15, 51453, 3834, 3589, 0, 0, 3752, 0),
	('Druid', 'Restoration', 16, 51407, 0, 0, 0, 0, 0, 0),
	('Druid', 'Restoration', 17, 50454, 0, 0, 0, 0, 0, 0),
	('Druid', 'Restoration', 18, 43349, 0, 0, 0, 0, 0, 0),
	('Hunter', 'Marksmanship', 0, 51877, 3795, 3628, 3566, 0, 3313, 0),
	('Hunter', 'Marksmanship', 1, 50452, 0, 3566, 0, 0, 2877, 0),
	('Hunter', 'Marksmanship', 2, 51462, 3793, 3566, 0, 0, 2874, 0),
	('Hunter', 'Marksmanship', 3, 148, 0, 0, 0, 0, 0, 0),
	('Hunter', 'Marksmanship', 4, 51458, 3245, 3521, 3566, 0, 3600, 0),
	('Hunter', 'Marksmanship', 5, 50993, 0, 3566, 3566, 3521, 3355, 3729),
	('Hunter', 'Marksmanship', 6, 51461, 3823, 3521, 3879, 0, 3355, 0),
	('Hunter', 'Marksmanship', 7, 51818, 1597, 3566, 3521, 0, 3355, 0),
	('Hunter', 'Marksmanship', 8, 51352, 3845, 0, 0, 0, 0, 0),
	('Hunter', 'Marksmanship', 9, 51459, 1603, 3521, 0, 0, 0, 0),
	('Hunter', 'Marksmanship', 10, 50186, 0, 3521, 0, 0, 2877, 0),
	('Hunter', 'Marksmanship', 11, 49949, 0, 3566, 0, 0, 2877, 0),
	('Hunter', 'Marksmanship', 12, 50343, 0, 0, 0, 0, 0, 0),
	('Hunter', 'Marksmanship', 13, 51378, 0, 0, 0, 0, 0, 0),
	('Hunter', 'Marksmanship', 14, 49998, 1099, 3521, 0, 0, 0, 0),
	('Hunter', 'Marksmanship', 15, 51388, 3789, 3521, 3521, 0, 0, 0),
	('Hunter', 'Marksmanship', 17, 51449, 0, 0, 0, 0, 0, 0),
	('Hunter', 'Marksmanship', 18, 43349, 0, 0, 0, 0, 0, 0),
	('Warrior', 'Arms', 0, 51543, 3842, 3621, 3525, 0, 2787, 0),
	('Warrior', 'Arms', 1, 51822, 0, 3530, 0, 0, 2877, 0),
	('Warrior', 'Arms', 2, 51865, 3793, 3530, 3530, 0, 0, 0),
	('Warrior', 'Arms', 3, 6125, 0, 0, 0, 0, 0, 0),
	('Warrior', 'Arms', 4, 51541, 3245, 3525, 3530, 0, 3600, 0),
	('Warrior', 'Arms', 5, 51879, 0, 3525, 3530, 3530, 3357, 3729),
	('Warrior', 'Arms', 6, 51544, 3853, 3525, 3543, 0, 3357, 0),
	('Warrior', 'Arms', 7, 49983, 3232, 3530, 3525, 0, 3357, 0),
	('Warrior', 'Arms', 8, 50333, 3845, 3530, 3530, 0, 2877, 3717),
	('Warrior', 'Arms', 9, 51542, 1603, 3525, 0, 0, 0, 0),
	('Warrior', 'Arms', 10, 50186, 0, 3525, 0, 0, 2877, 0),
	('Warrior', 'Arms', 11, 50414, 0, 3530, 0, 0, 2927, 0),
	('Warrior', 'Arms', 12, 50343, 0, 0, 0, 0, 0, 0),
	('Warrior', 'Arms', 13, 51378, 0, 0, 0, 0, 0, 0),
	('Warrior', 'Arms', 14, 50470, 1099, 3530, 0, 0, 0, 0),
	('Warrior', 'Arms', 15, 49888, 3789, 3525, 3525, 0, 3357, 0),
	('Warrior', 'Arms', 17, 51880, 0, 3867, 0, 0, 2936, 0),
	('Warrior', 'Arms', 18, 11364, 0, 0, 0, 0, 0, 0),
	('Paladin', 'Retribution', 0, 51476, 3795, 3628, 3861, 0, 2787, 0),
	('Paladin', 'Retribution', 1, 49989, 0, 3861, 0, 0, 0, 0),
	('Paladin', 'Retribution', 2, 51479, 3793, 3861, 0, 0, 0, 0),
	('Paladin', 'Retribution', 3, 45, 0, 0, 0, 0, 0, 0),
	('Paladin', 'Retribution', 4, 51474, 3245, 3550, 3552, 0, 3600, 0),
	('Paladin', 'Retribution', 5, 50987, 0, 3861, 3861, 3861, 0, 3729),
	('Paladin', 'Retribution', 6, 51477, 3823, 3861, 3879, 0, 3357, 0),
	('Paladin', 'Retribution', 7, 51363, 1597, 3552, 0, 0, 2878, 0),
	('Paladin', 'Retribution', 8, 50002, 3845, 3552, 0, 0, 2927, 0),
	('Paladin', 'Retribution', 9, 51475, 1603, 3861, 0, 0, 0, 0),
	('Paladin', 'Retribution', 10, 51855, 0, 3861, 0, 0, 3765, 0),
	('Paladin', 'Retribution', 11, 49999, 0, 3552, 0, 0, 2927, 0),
	('Paladin', 'Retribution', 12, 47464, 0, 0, 0, 0, 0, 0),
	('Paladin', 'Retribution', 13, 51378, 0, 0, 0, 0, 0, 0),
	('Paladin', 'Retribution', 14, 50019, 1099, 3552, 0, 0, 2927, 0),
	('Paladin', 'Retribution', 15, 51388, 3789, 3861, 3861, 0, 0, 0),
	('Paladin', 'Retribution', 17, 50455, 0, 0, 0, 0, 0, 0),
	('Paladin', 'Retribution', 18, 45584, 0, 0, 0, 0, 0, 0),
	('Priest', 'Discipline', 0, 51484, 3797, 3627, 3546, 0, 3352, 0),
	('Priest', 'Discipline', 1, 51347, 0, 0, 0, 0, 0, 0),
	('Priest', 'Discipline', 2, 51486, 3794, 3586, 0, 0, 2890, 0),
	('Priest', 'Discipline', 3, 53, 0, 0, 0, 0, 0, 0),
	('Priest', 'Discipline', 4, 51482, 3245, 3546, 3586, 0, 3600, 0),
	('Priest', 'Discipline', 5, 51365, 0, 3586, 3585, 0, 2872, 3729),
	('Priest', 'Discipline', 6, 50056, 3853, 3546, 3586, 0, 3602, 0),
	('Priest', 'Discipline', 7, 51366, 3232, 3586, 0, 0, 2878, 0),
	('Priest', 'Discipline', 8, 51367, 2332, 3734, 0, 0, 0, 3717),
	('Priest', 'Discipline', 9, 51483, 3246, 3586, 0, 0, 2890, 0),
	('Priest', 'Discipline', 10, 51884, 0, 3546, 0, 0, 3752, 0),
	('Priest', 'Discipline', 11, 49967, 0, 3586, 0, 0, 3752, 0),
	('Priest', 'Discipline', 12, 50354, 0, 0, 0, 0, 0, 0),
	('Priest', 'Discipline', 13, 51378, 0, 0, 0, 0, 0, 0),
	('Priest', 'Discipline', 14, 51346, 3831, 0, 0, 0, 0, 0),
	('Priest', 'Discipline', 15, 51453, 3834, 3586, 0, 0, 3752, 0),
	('Priest', 'Discipline', 16, 51407, 0, 0, 0, 0, 0, 0),
	('Priest', 'Discipline', 17, 51451, 0, 0, 0, 0, 0, 0),
	('Priest', 'Discipline', 18, 45582, 0, 0, 0, 0, 0, 0),
	('Warlock', 'Destruction', 0, 51538, 3797, 3621, 3563, 0, 3821, 0),
	('Warlock', 'Destruction', 1, 50005, 0, 3563, 0, 0, 3752, 0),
	('Warlock', 'Destruction', 2, 51859, 3794, 3563, 3563, 0, 3602, 0),
	('Warlock', 'Destruction', 3, 6097, 0, 0, 0, 0, 0, 0),
	('Warlock', 'Destruction', 4, 51536, 3245, 3561, 3590, 0, 3307, 0),
	('Warlock', 'Destruction', 5, 51337, 0, 3590, 3531, 0, 2872, 3729),
	('Warlock', 'Destruction', 6, 51539, 3721, 3561, 3590, 0, 2770, 0),
	('Warlock', 'Destruction', 7, 51338, 3232, 3590, 0, 0, 2878, 0),
	('Warlock', 'Destruction', 8, 51339, 2332, 3734, 0, 0, 0, 3717),
	('Warlock', 'Destruction', 9, 51537, 3246, 3590, 3734, 0, 2872, 3723),
	('Warlock', 'Destruction', 10, 50170, 0, 3590, 0, 0, 3752, 0),
	('Warlock', 'Destruction', 11, 50008, 0, 3590, 0, 0, 3752, 0),
	('Warlock', 'Destruction', 12, 50360, 0, 0, 0, 0, 0, 0),
	('Warlock', 'Destruction', 13, 51378, 0, 0, 0, 0, 0, 0),
	('Warlock', 'Destruction', 14, 51332, 3243, 0, 0, 0, 0, 0),
	('Warlock', 'Destruction', 15, 51406, 3834, 3590, 0, 0, 3752, 0),
	('Warlock', 'Destruction', 16, 51407, 0, 0, 0, 0, 0, 0),
	('Warlock', 'Destruction', 17, 51451, 0, 0, 0, 0, 0, 0),
	('Warlock', 'Destruction', 18, 43349, 0, 0, 0, 0, 0, 0),
	('Rogue', 'Assassination', 0, 51494, 3795, 3628, 3521, 0, 3314, 0),
	('Rogue', 'Assassination', 1, 51890, 0, 3521, 0, 0, 2877, 0),
	('Rogue', 'Assassination', 2, 51496, 3793, 3521, 0, 0, 0, 0),
	('Rogue', 'Assassination', 3, 2105, 0, 0, 0, 0, 0, 0),
	('Rogue', 'Assassination', 4, 51492, 3245, 3521, 3566, 0, 3600, 0),
	('Rogue', 'Assassination', 5, 51925, 0, 3521, 3521, 3292, 0, 3729),
	('Rogue', 'Assassination', 6, 51495, 3823, 3521, 3879, 0, 3355, 0),
	('Rogue', 'Assassination', 7, 51369, 3232, 3566, 0, 0, 2878, 0),
	('Rogue', 'Assassination', 8, 51820, 3845, 3521, 3292, 0, 2877, 3717),
	('Rogue', 'Assassination', 9, 51493, 1603, 3521, 0, 0, 0, 0),
	('Rogue', 'Assassination', 10, 51843, 0, 3521, 0, 0, 1585, 0),
	('Rogue', 'Assassination', 11, 50186, 0, 3521, 0, 0, 2877, 0),
	('Rogue', 'Assassination', 12, 47464, 0, 0, 0, 0, 0, 0),
	('Rogue', 'Assassination', 13, 51378, 0, 0, 0, 0, 0, 0),
	('Rogue', 'Assassination', 14, 49998, 3256, 3521, 0, 0, 0, 0),
	('Rogue', 'Assassination', 15, 51517, 3789, 3521, 0, 0, 0, 0),
	('Rogue', 'Assassination', 16, 51527, 3731, 3521, 0, 0, 0, 0),
	('Rogue', 'Assassination', 17, 51880, 0, 3566, 0, 0, 2936, 0),
	('Rogue', 'Assassination', 18, 43349, 0, 0, 0, 0, 0, 0),
	('Druid', 'Feral', 0, 51427, 3795, 3628, 3525, 0, 3314, 0),
	('Druid', 'Feral', 1, 51353, 0, 0, 0, 0, 0, 0),
	('Druid', 'Feral', 2, 51430, 3793, 3530, 0, 0, 2952, 0),
	('Druid', 'Feral', 3, 52019, 0, 0, 0, 0, 0, 0),
	('Druid', 'Feral', 4, 51425, 3245, 3525, 3530, 0, 3600, 0),
	('Druid', 'Feral', 5, 50067, 0, 3589, 3525, 3525, 3355, 3729),
	('Druid', 'Feral', 6, 51428, 3853, 3525, 3589, 0, 3355, 0),
	('Druid', 'Feral', 7, 51856, 983, 3525, 3525, 0, 3355, 0),
	('Druid', 'Feral', 8, 50333, 3845, 3530, 3745, 0, 2877, 3717),
	('Druid', 'Feral', 9, 51426, 3234, 3589, 3745, 0, 2874, 3723),
	('Druid', 'Feral', 10, 48007, 0, 3530, 0, 0, 2877, 0),
	('Druid', 'Feral', 11, 50186, 0, 3525, 0, 0, 2877, 0),
	('Druid', 'Feral', 12, 50362, 0, 0, 0, 0, 0, 0),
	('Druid', 'Feral', 13, 51378, 0, 0, 0, 0, 0, 0),
	('Druid', 'Feral', 14, 51356, 3243, 0, 0, 0, 0, 0),
	('Druid', 'Feral', 15, 51431, 3827, 3745, 3589, 0, 3764, 0),
	('Druid', 'Feral', 17, 47668, 0, 0, 0, 0, 0, 0),
	('Druid', 'Feral', 18, 45582, 0, 0, 0, 0, 0, 0),
	('Warrior', 'Protection', 0, 51212, 3817, 3628, 3525, 0, 3312, 0),
	('Warrior', 'Protection', 1, 51822, 0, 3525, 0, 0, 0, 0),
	('Warrior', 'Protection', 2, 51215, 3808, 3525, 0, 0, 2868, 0),
	('Warrior', 'Protection', 3, 38, 0, 0, 0, 0, 0, 0),
	('Warrior', 'Protection', 4, 51214, 3832, 3525, 3543, 0, 3357, 0),
	('Warrior', 'Protection', 5, 51879, 0, 3525, 3525, 3525, 0, 3729),
	('Warrior', 'Protection', 6, 51817, 3823, 3525, 3525, 3525, 0, 0),
	('Warrior', 'Protection', 7, 49983, 3232, 3549, 3525, 0, 3357, 0),
	('Warrior', 'Protection', 8, 50333, 3845, 3525, 3525, 0, 0, 3717),
	('Warrior', 'Protection', 9, 51217, 3234, 3525, 3525, 0, 0, 3723),
	('Warrior', 'Protection', 10, 50186, 0, 3525, 0, 0, 2877, 0),
	('Warrior', 'Protection', 11, 50414, 0, 3525, 0, 0, 0, 0),
	('Warrior', 'Protection', 12, 50362, 0, 0, 0, 0, 0, 0),
	('Warrior', 'Protection', 13, 46082, 0, 0, 0, 0, 0, 0),
	('Warrior', 'Protection', 14, 50470, 1099, 3525, 0, 0, 0, 0),
	('Warrior', 'Protection', 15, 51916, 3225, 3525, 0, 0, 2936, 0),
	('Warrior', 'Protection', 16, 50065, 3849, 0, 0, 0, 0, 0),
	('Warrior', 'Protection', 17, 51880, 0, 3525, 0, 0, 0, 0),
	('Warrior', 'Protection', 18, 45584, 0, 0, 0, 0, 0, 0),
	('Warlock', 'Affliction', 0, 51538, 3796, 3639, 3563, 0, 3821, 0),
	('Warlock', 'Affliction', 1, 51333, 0, 0, 0, 0, 0, 0),
	('Warlock', 'Affliction', 2, 51540, 3794, 3563, 0, 0, 2868, 0),
	('Warlock', 'Affliction', 3, 6097, 0, 0, 0, 0, 0, 0),
	('Warlock', 'Affliction', 4, 51536, 3245, 3563, 3531, 0, 3307, 0),
	('Warlock', 'Affliction', 5, 51337, 0, 3548, 3563, 0, 2872, 3729),
	('Warlock', 'Affliction', 6, 49891, 3721, 3563, 3530, 3590, 3753, 0),
	('Warlock', 'Affliction', 7, 51338, 3232, 3561, 0, 0, 2878, 0),
	('Warlock', 'Affliction', 8, 51339, 2332, 3739, 0, 0, 0, 3717),
	('Warlock', 'Affliction', 9, 51537, 3246, 3548, 3531, 0, 2872, 3723),
	('Warlock', 'Affliction', 10, 50170, 0, 3548, 0, 0, 3752, 0),
	('Warlock', 'Affliction', 11, 50008, 0, 3548, 0, 0, 3752, 0),
	('Warlock', 'Affliction', 12, 50360, 0, 0, 0, 0, 0, 0),
	('Warlock', 'Affliction', 13, 51378, 0, 0, 0, 0, 0, 0),
	('Warlock', 'Affliction', 14, 51332, 3243, 0, 0, 0, 0, 0),
	('Warlock', 'Affliction', 15, 51406, 3834, 3548, 0, 0, 3752, 0),
	('Warlock', 'Affliction', 16, 51407, 0, 0, 0, 0, 0, 0),
	('Warlock', 'Affliction', 17, 51451, 0, 0, 0, 0, 0, 0),
	('Warlock', 'Affliction', 18, 45582, 0, 0, 0, 0, 0, 0),
	('Shaman', 'Elemental', 0, 51499, 3797, 3639, 3548, 0, 2854, 0),
	('Shaman', 'Elemental', 1, 50005, 0, 3531, 0, 0, 3752, 0),
	('Shaman', 'Elemental', 2, 51502, 3794, 3590, 0, 0, 2865, 0),
	('Shaman', 'Elemental', 3, 6134, 0, 0, 0, 0, 0, 0),
	('Shaman', 'Elemental', 4, 51497, 3245, 3563, 3531, 0, 3600, 0),
	('Shaman', 'Elemental', 5, 50015, 0, 3590, 3563, 3739, 3602, 3729),
	('Shaman', 'Elemental', 6, 51512, 3721, 3563, 3548, 0, 3602, 0),
	('Shaman', 'Elemental', 7, 51873, 3232, 3531, 3531, 0, 2369, 0),
	('Shaman', 'Elemental', 8, 51373, 2332, 3744, 0, 0, 0, 3717),
	('Shaman', 'Elemental', 9, 51510, 3234, 3590, 3739, 0, 2865, 3723),
	('Shaman', 'Elemental', 10, 51884, 0, 3563, 0, 0, 3752, 0),
	('Shaman', 'Elemental', 11, 50170, 0, 3548, 0, 0, 3752, 0),
	('Shaman', 'Elemental', 12, 47432, 0, 0, 0, 0, 0, 0),
	('Shaman', 'Elemental', 13, 51378, 0, 0, 0, 0, 0, 0),
	('Shaman', 'Elemental', 14, 51332, 3243, 0, 0, 0, 0, 0),
	('Shaman', 'Elemental', 15, 51406, 3834, 3590, 0, 0, 3752, 0),
	('Shaman', 'Elemental', 16, 51455, 3229, 0, 0, 0, 0, 0),
	('Shaman', 'Elemental', 17, 50458, 0, 0, 0, 0, 0, 0),
	('Shaman', 'Elemental', 18, 45585, 0, 0, 0, 0, 0, 0),
	('Druid', 'Ballance', 0, 51435, 3797, 3639, 3563, 0, 3352, 0),
	('Druid', 'Ballance', 1, 51333, 0, 0, 0, 0, 0, 0),
	('Druid', 'Ballance', 2, 51438, 3794, 3531, 0, 0, 2890, 0),
	('Druid', 'Ballance', 3, 4344, 0, 0, 0, 0, 0, 0),
	('Druid', 'Ballance', 4, 51433, 3245, 3563, 3531, 0, 3600, 0),
	('Druid', 'Ballance', 5, 51343, 0, 3583, 3531, 0, 2872, 3729),
	('Druid', 'Ballance', 6, 51436, 3721, 3563, 3582, 0, 3602, 0),
	('Druid', 'Ballance', 7, 51344, 3232, 3531, 0, 0, 2878, 0),
	('Druid', 'Ballance', 8, 51345, 2332, 3744, 0, 0, 0, 3717),
	('Druid', 'Ballance', 9, 51434, 3246, 3582, 3744, 0, 2890, 3723),
	('Druid', 'Ballance', 10, 49967, 0, 3581, 0, 0, 3752, 0),
	('Druid', 'Ballance', 11, 50170, 0, 3586, 0, 0, 3752, 0),
	('Druid', 'Ballance', 12, 50353, 0, 0, 0, 0, 0, 0),
	('Druid', 'Ballance', 13, 42126, 0, 0, 0, 0, 0, 0),
	('Druid', 'Ballance', 14, 51332, 3831, 0, 0, 0, 0, 0),
	('Druid', 'Ballance', 15, 51406, 3834, 3582, 0, 0, 3752, 0),
	('Druid', 'Ballance', 16, 51408, 0, 0, 0, 0, 0, 0),
	('Druid', 'Ballance', 17, 50457, 0, 0, 0, 0, 0, 0),
	('Druid', 'Ballance', 18, 45582, 0, 0, 0, 0, 0, 0),
	('Mage', 'Frost', 0, 51465, 3797, 3639, 3563, 0, 3821, 0),
	('Mage', 'Frost', 1, 51333, 0, 0, 0, 0, 0, 0),
	('Mage', 'Frost', 2, 51467, 3794, 3563, 0, 0, 2868, 0),
	('Mage', 'Frost', 3, 6096, 0, 0, 0, 0, 0, 0),
	('Mage', 'Frost', 4, 51156, 3245, 3563, 3590, 0, 3602, 0),
	('Mage', 'Frost', 5, 51337, 0, 3590, 3563, 0, 2872, 3729),
	('Mage', 'Frost', 6, 50056, 3721, 3563, 3590, 0, 3602, 0),
	('Mage', 'Frost', 7, 51338, 3232, 3531, 0, 0, 2878, 0),
	('Mage', 'Frost', 8, 51339, 2332, 0, 0, 0, 0, 0),
	('Mage', 'Frost', 9, 51464, 3246, 3590, 0, 0, 2872, 0),
	('Mage', 'Frost', 10, 49967, 0, 3531, 0, 0, 3752, 0),
	('Mage', 'Frost', 11, 50170, 0, 3590, 0, 0, 3752, 0),
	('Mage', 'Frost', 12, 47432, 0, 0, 0, 0, 0, 0),
	('Mage', 'Frost', 13, 51378, 0, 0, 0, 0, 0, 0),
	('Mage', 'Frost', 14, 51332, 3243, 0, 0, 0, 0, 0),
	('Mage', 'Frost', 15, 51406, 3834, 3590, 0, 0, 3752, 0),
	('Mage', 'Frost', 16, 51407, 0, 0, 0, 0, 0, 0),
	('Mage', 'Frost', 17, 51531, 0, 0, 0, 0, 0, 0),
	('Mage', 'Frost', 18, 51534, 0, 0, 0, 0, 0, 0),
	('Shaman', 'Enhancement', 0, 51505, 3795, 3638, 3521, 0, 2843, 0),
	('Shaman', 'Enhancement', 1, 51890, 0, 3521, 0, 0, 2877, 0),
	('Shaman', 'Enhancement', 2, 51508, 3793, 3566, 0, 0, 2874, 0),
	('Shaman', 'Enhancement', 3, 53, 0, 0, 0, 0, 0, 0),
	('Shaman', 'Enhancement', 4, 51503, 3245, 3521, 3566, 0, 3600, 0),
	('Shaman', 'Enhancement', 5, 51350, 0, 3590, 3292, 0, 2877, 3729),
	('Shaman', 'Enhancement', 6, 51506, 3823, 3292, 3590, 0, 3355, 0),
	('Shaman', 'Enhancement', 7, 51351, 3232, 3531, 0, 0, 2878, 0),
	('Shaman', 'Enhancement', 8, 51914, 3845, 3521, 3521, 0, 2877, 3717),
	('Shaman', 'Enhancement', 9, 51504, 1603, 3590, 3292, 0, 2874, 3723),
	('Shaman', 'Enhancement', 10, 51843, 0, 3521, 0, 0, 1585, 0),
	('Shaman', 'Enhancement', 11, 49949, 0, 3531, 0, 0, 2877, 0),
	('Shaman', 'Enhancement', 12, 51378, 0, 0, 0, 0, 0, 0),
	('Shaman', 'Enhancement', 13, 50355, 0, 0, 0, 0, 0, 0),
	('Shaman', 'Enhancement', 14, 49998, 3243, 3590, 0, 0, 2877, 0),
	('Shaman', 'Enhancement', 15, 51515, 3789, 3521, 0, 0, 0, 0),
	('Shaman', 'Enhancement', 16, 51525, 3731, 3521, 0, 0, 0, 0),
	('Shaman', 'Enhancement', 17, 50463, 0, 0, 0, 0, 0, 0),
	('Shaman', 'Enhancement', 18, 45585, 0, 0, 0, 0, 0, 0),
	('Priest', 'Shadow', 0, 51484, 3797, 3627, 3563, 0, 3352, 0),
	('Priest', 'Shadow', 1, 51333, 0, 0, 0, 0, 0, 0),
	('Priest', 'Shadow', 2, 51486, 3794, 3531, 0, 0, 2890, 0),
	('Priest', 'Shadow', 3, 148, 0, 0, 0, 0, 0, 0),
	('Priest', 'Shadow', 4, 51482, 3245, 3561, 3531, 0, 3600, 0),
	('Priest', 'Shadow', 5, 51337, 0, 3590, 3590, 0, 2872, 3729),
	('Priest', 'Shadow', 6, 51485, 3719, 3561, 3590, 0, 2770, 0),
	('Priest', 'Shadow', 7, 51338, 3232, 3739, 0, 0, 2878, 0),
	('Priest', 'Shadow', 8, 51339, 2332, 3744, 0, 0, 0, 3717),
	('Priest', 'Shadow', 9, 51483, 3246, 3590, 3739, 0, 2890, 3723),
	('Priest', 'Shadow', 10, 51884, 0, 3561, 0, 0, 3752, 0),
	('Priest', 'Shadow', 11, 49967, 0, 3531, 0, 0, 3752, 0),
	('Priest', 'Shadow', 12, 47432, 0, 0, 0, 0, 0, 0),
	('Priest', 'Shadow', 13, 51378, 0, 0, 0, 0, 0, 0),
	('Priest', 'Shadow', 14, 51332, 3243, 0, 0, 0, 0, 0),
	('Priest', 'Shadow', 15, 51406, 3834, 3590, 0, 0, 3752, 0),
	('Priest', 'Shadow', 16, 51407, 0, 0, 0, 0, 0, 0),
	('Priest', 'Shadow', 17, 51852, 0, 3531, 0, 0, 3267, 0),
	('Priest', 'Shadow', 18, 20131, 0, 0, 0, 0, 0, 0),
	('Rogue', 'Subtlety', 0, 51494, 3795, 3638, 3521, 0, 3314, 0),
	('Rogue', 'Subtlety', 1, 51890, 0, 3521, 0, 0, 2877, 0),
	('Rogue', 'Subtlety', 2, 51496, 3793, 3521, 0, 0, 0, 0),
	('Rogue', 'Subtlety', 3, 49, 0, 0, 0, 0, 0, 0),
	('Rogue', 'Subtlety', 4, 51492, 3245, 3521, 3566, 0, 3600, 0),
	('Rogue', 'Subtlety', 5, 51925, 0, 3521, 3292, 3521, 0, 3729),
	('Rogue', 'Subtlety', 6, 51495, 3823, 3521, 3879, 0, 3355, 0),
	('Rogue', 'Subtlety', 7, 51856, 3232, 3521, 3521, 0, 3355, 0),
	('Rogue', 'Subtlety', 8, 50333, 3845, 3521, 3292, 0, 0, 3717),
	('Rogue', 'Subtlety', 9, 51493, 1603, 3521, 3292, 0, 0, 3723),
	('Rogue', 'Subtlety', 10, 50186, 0, 3521, 0, 0, 2877, 0),
	('Rogue', 'Subtlety', 11, 51900, 0, 3566, 0, 0, 2936, 0),
	('Rogue', 'Subtlety', 12, 47464, 0, 0, 0, 0, 0, 0),
	('Rogue', 'Subtlety', 13, 51378, 0, 0, 0, 0, 0, 0),
	('Rogue', 'Subtlety', 14, 50470, 3256, 3521, 0, 0, 0, 0),
	('Rogue', 'Subtlety', 15, 51517, 3789, 3521, 0, 0, 0, 0),
	('Rogue', 'Subtlety', 16, 51527, 3731, 3521, 0, 0, 0, 0),
	('Rogue', 'Subtlety', 17, 51880, 0, 3566, 0, 0, 2936, 0),
	('Rogue', 'Subtlety', 18, 43349, 0, 0, 0, 0, 0, 0);
/*!40000 ALTER TABLE `template_npc_horde` ENABLE KEYS */;


# Dumping structure for table characters_kargath.template_npc_human
DROP TABLE IF EXISTS `template_npc_human`;
CREATE TABLE IF NOT EXISTS `template_npc_human` (
  `playerClass` varchar(50) NOT NULL,
  `playerSpec` varchar(50) NOT NULL,
  `pos` int(10) unsigned NOT NULL DEFAULT '0',
  `itemEntry` int(10) unsigned NOT NULL DEFAULT '0',
  `enchant` int(10) unsigned NOT NULL DEFAULT '0',
  `socket1` int(10) unsigned NOT NULL DEFAULT '0',
  `socket2` int(10) unsigned NOT NULL DEFAULT '0',
  `socket3` int(10) unsigned NOT NULL DEFAULT '0',
  `bonusEnchant` int(10) unsigned NOT NULL DEFAULT '0',
  `prismaticEnchant` int(10) DEFAULT NULL
) ENGINE=InnoDB DEFAULT CHARSET=utf8 COMMENT='Templates';

# Dumping data for table characters_kargath.template_npc_human: ~205 rows (approximately)
DELETE FROM `template_npc_human`;
/*!40000 ALTER TABLE `template_npc_human` DISABLE KEYS */;
INSERT INTO `template_npc_human` (`playerClass`, `playerSpec`, `pos`, `itemEntry`, `enchant`, `socket1`, `socket2`, `socket3`, `bonusEnchant`, `prismaticEnchant`) VALUES
	('DeathKnight', 'Unholy', 0, 51415, 3795, 3622, 3861, 0, 2787, 0),
	('DeathKnight', 'Unholy', 1, 49989, 0, 3535, 0, 0, 2927, 0),
	('DeathKnight', 'Unholy', 2, 51418, 3793, 3861, 0, 0, 0, 0),
	('DeathKnight', 'Unholy', 3, 45037, 0, 0, 0, 0, 0, 0),
	('DeathKnight', 'Unholy', 4, 51413, 3245, 3732, 3552, 0, 3600, 0),
	('DeathKnight', 'Unholy', 5, 51362, 0, 3535, 3861, 0, 2927, 3729),
	('DeathKnight', 'Unholy', 6, 51416, 3823, 3732, 3535, 0, 3357, 0),
	('DeathKnight', 'Unholy', 7, 51363, 1597, 3552, 0, 0, 2878, 0),
	('DeathKnight', 'Unholy', 8, 51364, 3845, 3732, 0, 0, 0, 3717),
	('DeathKnight', 'Unholy', 9, 51414, 1603, 3861, 3861, 0, 0, 3723),
	('DeathKnight', 'Unholy', 10, 51358, 0, 0, 0, 0, 0, 0),
	('DeathKnight', 'Unholy', 11, 50453, 0, 3552, 0, 0, 2927, 0),
	('DeathKnight', 'Unholy', 12, 47115, 0, 0, 0, 0, 0, 0),
	('DeathKnight', 'Unholy', 13, 47131, 0, 0, 0, 0, 0, 0),
	('DeathKnight', 'Unholy', 14, 51356, 3243, 0, 0, 0, 0, 0),
	('DeathKnight', 'Unholy', 15, 50415, 3368, 3861, 3535, 0, 3357, 0),
	('DeathKnight', 'Unholy', 17, 45254, 0, 0, 0, 0, 0, 0),
	('DeathKnight', 'Unholy', 18, 49086, 0, 0, 0, 0, 0, 0),
	('Warrior', 'Arms', 0, 51543, 3842, 3621, 3525, 0, 2787, 0),
	('Warrior', 'Arms', 1, 51822, 0, 3530, 0, 0, 2877, 0),
	('Warrior', 'Arms', 2, 51545, 3852, 3530, 0, 0, 3263, 0),
	('Warrior', 'Arms', 3, 6125, 0, 0, 0, 0, 0, 0),
	('Warrior', 'Arms', 4, 51541, 3245, 3525, 3530, 0, 3600, 0),
	('Warrior', 'Arms', 5, 51879, 0, 3525, 3530, 3530, 3357, 3729),
	('Warrior', 'Arms', 6, 51544, 3853, 3525, 3543, 0, 3357, 0),
	('Warrior', 'Arms', 7, 49983, 3232, 3530, 3525, 0, 3357, 0),
	('Warrior', 'Arms', 8, 50002, 3845, 3530, 0, 0, 2927, 0),
	('Warrior', 'Arms', 9, 51542, 1603, 3525, 0, 0, 0, 0),
	('Warrior', 'Arms', 10, 50186, 0, 3525, 0, 0, 2877, 0),
	('Warrior', 'Arms', 11, 50414, 0, 3530, 0, 0, 2927, 0),
	('Warrior', 'Arms', 12, 50343, 0, 0, 0, 0, 0, 0),
	('Warrior', 'Arms', 13, 47131, 0, 0, 0, 0, 0, 0),
	('Warrior', 'Arms', 14, 50470, 1099, 3530, 0, 0, 0, 0),
	('Warrior', 'Arms', 15, 51388, 3789, 3525, 3525, 0, 0, 0),
	('Warrior', 'Arms', 17, 51880, 0, 3867, 0, 0, 2936, 0),
	('Warrior', 'Arms', 18, 11364, 0, 0, 0, 0, 0, 0),
	('Paladin', 'Retribution', 0, 51476, 3795, 3628, 3861, 0, 2787, 0),
	('Paladin', 'Retribution', 1, 49989, 0, 3861, 0, 0, 0, 0),
	('Paladin', 'Retribution', 2, 51479, 3793, 3861, 0, 0, 0, 0),
	('Paladin', 'Retribution', 3, 45, 0, 0, 0, 0, 0, 0),
	('Paladin', 'Retribution', 4, 51474, 3245, 3550, 3552, 0, 3600, 0),
	('Paladin', 'Retribution', 5, 51362, 0, 3861, 3861, 0, 0, 3729),
	('Paladin', 'Retribution', 6, 51477, 3823, 3861, 3879, 0, 3357, 0),
	('Paladin', 'Retribution', 7, 51363, 1597, 3552, 0, 0, 2878, 0),
	('Paladin', 'Retribution', 8, 50002, 3845, 3552, 0, 0, 2927, 0),
	('Paladin', 'Retribution', 9, 51475, 1603, 3861, 0, 0, 0, 0),
	('Paladin', 'Retribution', 10, 50453, 0, 3552, 0, 0, 2927, 0),
	('Paladin', 'Retribution', 11, 49999, 0, 3552, 0, 0, 2927, 0),
	('Paladin', 'Retribution', 12, 47131, 0, 0, 0, 0, 0, 0),
	('Paladin', 'Retribution', 13, 47115, 0, 0, 0, 0, 0, 0),
	('Paladin', 'Retribution', 14, 50019, 1099, 3552, 0, 0, 2927, 0),
	('Paladin', 'Retribution', 15, 51388, 3789, 3861, 3861, 0, 0, 0),
	('Paladin', 'Retribution', 17, 50455, 0, 0, 0, 0, 0, 0),
	('Paladin', 'Retribution', 18, 45578, 0, 0, 0, 0, 0, 0),
	('Warlock', 'Destruction', 0, 51538, 3797, 3621, 3563, 0, 3821, 0),
	('Warlock', 'Destruction', 1, 51335, 0, 0, 0, 0, 0, 0),
	('Warlock', 'Destruction', 2, 51540, 3794, 3590, 0, 0, 2868, 0),
	('Warlock', 'Destruction', 3, 6097, 0, 0, 0, 0, 0, 0),
	('Warlock', 'Destruction', 4, 51536, 3245, 3561, 3590, 0, 3307, 0),
	('Warlock', 'Destruction', 5, 51337, 0, 3590, 3531, 0, 2872, 3729),
	('Warlock', 'Destruction', 6, 51539, 3721, 3561, 3590, 0, 2770, 0),
	('Warlock', 'Destruction', 7, 51338, 3232, 3590, 0, 0, 2878, 0),
	('Warlock', 'Destruction', 8, 51339, 2332, 3734, 0, 0, 0, 3717),
	('Warlock', 'Destruction', 9, 51537, 3246, 3590, 3734, 0, 2872, 3723),
	('Warlock', 'Destruction', 10, 50170, 0, 3590, 0, 0, 3752, 0),
	('Warlock', 'Destruction', 11, 50008, 0, 3590, 0, 0, 3752, 0),
	('Warlock', 'Destruction', 12, 50360, 0, 0, 0, 0, 0, 0),
	('Warlock', 'Destruction', 13, 47182, 0, 0, 0, 0, 0, 0),
	('Warlock', 'Destruction', 14, 51332, 3243, 0, 0, 0, 0, 0),
	('Warlock', 'Destruction', 15, 51406, 3834, 3590, 0, 0, 3752, 0),
	('Warlock', 'Destruction', 16, 51407, 0, 0, 0, 0, 0, 0),
	('Warlock', 'Destruction', 17, 51852, 0, 3561, 0, 0, 3267, 0),
	('Warlock', 'Destruction', 18, 43349, 0, 0, 0, 0, 0, 0),
	('Rogue', 'Assassination', 0, 51494, 3795, 3628, 3521, 0, 3314, 0),
	('Rogue', 'Assassination', 1, 51357, 0, 0, 0, 0, 0, 0),
	('Rogue', 'Assassination', 2, 51496, 3793, 3521, 0, 0, 0, 0),
	('Rogue', 'Assassination', 3, 2105, 0, 0, 0, 0, 0, 0),
	('Rogue', 'Assassination', 4, 51492, 3245, 3521, 3566, 0, 3600, 0),
	('Rogue', 'Assassination', 5, 51925, 0, 3521, 3521, 3292, 0, 3729),
	('Rogue', 'Assassination', 6, 51495, 3823, 3521, 3879, 0, 3355, 0),
	('Rogue', 'Assassination', 7, 51369, 3232, 3566, 0, 0, 2878, 0),
	('Rogue', 'Assassination', 8, 51370, 3845, 3292, 0, 0, 0, 3717),
	('Rogue', 'Assassination', 9, 51493, 1603, 3521, 0, 0, 0, 0),
	('Rogue', 'Assassination', 10, 51843, 0, 3521, 0, 0, 1585, 0),
	('Rogue', 'Assassination', 11, 50186, 0, 3521, 0, 0, 2877, 0),
	('Rogue', 'Assassination', 12, 47131, 0, 0, 0, 0, 0, 0),
	('Rogue', 'Assassination', 13, 47115, 0, 0, 0, 0, 0, 0),
	('Rogue', 'Assassination', 14, 49998, 3256, 3521, 0, 0, 0, 0),
	('Rogue', 'Assassination', 15, 51517, 3789, 3521, 0, 0, 0, 0),
	('Rogue', 'Assassination', 16, 51527, 3731, 3521, 0, 0, 0, 0),
	('Rogue', 'Assassination', 17, 51880, 0, 3566, 0, 0, 2936, 0),
	('Rogue', 'Assassination', 18, 43349, 0, 0, 0, 0, 0, 0),
	('Warrior', 'Protection', 0, 51212, 3817, 3628, 3525, 0, 3312, 0),
	('Warrior', 'Protection', 1, 51822, 0, 3525, 0, 0, 0, 0),
	('Warrior', 'Protection', 2, 51215, 3808, 3525, 0, 0, 2868, 0),
	('Warrior', 'Protection', 3, 38, 0, 0, 0, 0, 0, 0),
	('Warrior', 'Protection', 4, 51214, 3832, 3525, 3543, 0, 3357, 0),
	('Warrior', 'Protection', 5, 51879, 0, 3525, 3525, 3525, 0, 3729),
	('Warrior', 'Protection', 6, 51817, 3823, 3525, 3525, 3525, 0, 0),
	('Warrior', 'Protection', 7, 49983, 3232, 3549, 3525, 0, 3357, 0),
	('Warrior', 'Protection', 8, 50333, 3845, 3525, 3525, 0, 0, 3717),
	('Warrior', 'Protection', 9, 51217, 3234, 3525, 3525, 0, 0, 3723),
	('Warrior', 'Protection', 10, 50186, 0, 3525, 0, 0, 2877, 0),
	('Warrior', 'Protection', 11, 50414, 0, 3525, 0, 0, 0, 0),
	('Warrior', 'Protection', 12, 50362, 0, 0, 0, 0, 0, 0),
	('Warrior', 'Protection', 13, 47131, 0, 0, 0, 0, 0, 0),
	('Warrior', 'Protection', 14, 50470, 1099, 3525, 0, 0, 0, 0),
	('Warrior', 'Protection', 15, 51916, 3225, 3525, 0, 0, 2936, 0),
	('Warrior', 'Protection', 16, 50065, 3849, 0, 0, 0, 0, 0),
	('Warrior', 'Protection', 17, 51880, 0, 3525, 0, 0, 0, 0),
	('Warrior', 'Protection', 18, 45578, 0, 0, 0, 0, 0, 0),
	('Warlock', 'Affliction', 0, 51538, 3796, 3639, 3563, 0, 3821, 0),
	('Warlock', 'Affliction', 1, 51333, 0, 0, 0, 0, 0, 0),
	('Warlock', 'Affliction', 2, 51540, 3794, 3563, 0, 0, 2868, 0),
	('Warlock', 'Affliction', 3, 6097, 0, 0, 0, 0, 0, 0),
	('Warlock', 'Affliction', 4, 51536, 3245, 3563, 3531, 0, 3307, 0),
	('Warlock', 'Affliction', 5, 51337, 0, 3548, 3563, 0, 2872, 3729),
	('Warlock', 'Affliction', 6, 51539, 3853, 3563, 3548, 0, 2770, 0),
	('Warlock', 'Affliction', 7, 51338, 3232, 3561, 0, 0, 2878, 0),
	('Warlock', 'Affliction', 8, 51339, 2332, 3744, 0, 0, 0, 3717),
	('Warlock', 'Affliction', 9, 51537, 3246, 3548, 3531, 0, 2872, 3723),
	('Warlock', 'Affliction', 10, 50170, 0, 3548, 0, 0, 3752, 0),
	('Warlock', 'Affliction', 11, 50008, 0, 3548, 0, 0, 3752, 0),
	('Warlock', 'Affliction', 12, 50360, 0, 0, 0, 0, 0, 0),
	('Warlock', 'Affliction', 13, 50353, 0, 0, 0, 0, 0, 0),
	('Warlock', 'Affliction', 14, 51332, 3243, 0, 0, 0, 0, 0),
	('Warlock', 'Affliction', 15, 51406, 3834, 3548, 0, 0, 3752, 0),
	('Warlock', 'Affliction', 16, 51407, 0, 0, 0, 0, 0, 0),
	('Warlock', 'Affliction', 17, 51451, 0, 0, 0, 0, 0, 0),
	('Warlock', 'Affliction', 18, 45577, 0, 0, 0, 0, 0, 0),
	('Mage', 'Frost', 0, 51465, 3797, 3639, 3563, 0, 3821, 0),
	('Mage', 'Frost', 1, 51333, 0, 0, 0, 0, 0, 0),
	('Mage', 'Frost', 2, 51467, 3794, 3563, 0, 0, 2868, 0),
	('Mage', 'Frost', 3, 6096, 0, 0, 0, 0, 0, 0),
	('Mage', 'Frost', 4, 51463, 3245, 3563, 3531, 0, 3307, 0),
	('Mage', 'Frost', 5, 51337, 0, 3590, 3590, 0, 2872, 3729),
	('Mage', 'Frost', 6, 50056, 3721, 3563, 3590, 0, 3602, 0),
	('Mage', 'Frost', 7, 51338, 3232, 3531, 0, 0, 2878, 0),
	('Mage', 'Frost', 8, 51339, 2332, 0, 0, 0, 0, 0),
	('Mage', 'Frost', 9, 51464, 3246, 3590, 0, 0, 2872, 0),
	('Mage', 'Frost', 10, 50170, 0, 3590, 0, 0, 3752, 0),
	('Mage', 'Frost', 11, 49967, 0, 3590, 0, 0, 3752, 0),
	('Mage', 'Frost', 12, 47059, 0, 0, 0, 0, 0, 0),
	('Mage', 'Frost', 13, 47041, 0, 0, 0, 0, 0, 0),
	('Mage', 'Frost', 14, 51332, 3243, 0, 0, 0, 0, 0),
	('Mage', 'Frost', 15, 51406, 3834, 3590, 0, 0, 3752, 0),
	('Mage', 'Frost', 16, 51407, 0, 0, 0, 0, 0, 0),
	('Mage', 'Frost', 17, 51451, 0, 0, 0, 0, 0, 0),
	('Mage', 'Frost', 18, 43349, 0, 0, 0, 0, 0, 0),
	('Priest', 'Shadow', 0, 51484, 3797, 3627, 3561, 0, 3352, 0),
	('Priest', 'Shadow', 1, 51333, 0, 0, 0, 0, 0, 0),
	('Priest', 'Shadow', 2, 51486, 3794, 3530, 0, 0, 2890, 0),
	('Priest', 'Shadow', 3, 148, 0, 0, 0, 0, 0, 0),
	('Priest', 'Shadow', 4, 51482, 3245, 3561, 3530, 0, 3600, 0),
	('Priest', 'Shadow', 5, 51337, 0, 3590, 3590, 0, 2872, 3729),
	('Priest', 'Shadow', 6, 51485, 3719, 3561, 3590, 0, 2770, 0),
	('Priest', 'Shadow', 7, 51338, 3232, 3744, 0, 0, 2878, 0),
	('Priest', 'Shadow', 8, 51339, 2332, 3744, 0, 0, 0, 3717),
	('Priest', 'Shadow', 9, 51483, 3246, 3590, 3744, 0, 2890, 3723),
	('Priest', 'Shadow', 10, 51884, 0, 3561, 0, 0, 3752, 0),
	('Priest', 'Shadow', 11, 49967, 0, 3531, 0, 0, 3752, 0),
	('Priest', 'Shadow', 12, 47059, 0, 0, 0, 0, 0, 0),
	('Priest', 'Shadow', 13, 47041, 0, 0, 0, 0, 0, 0),
	('Priest', 'Shadow', 14, 51332, 3243, 0, 0, 0, 0, 0),
	('Priest', 'Shadow', 15, 51406, 3834, 3590, 0, 0, 3752, 0),
	('Priest', 'Shadow', 16, 51407, 0, 0, 0, 0, 0, 0),
	('Priest', 'Shadow', 17, 51852, 0, 3530, 0, 0, 3267, 0),
	('Priest', 'Shadow', 18, 20132, 0, 0, 0, 0, 0, 0),
	('Priest', 'Discipline', 1, 51335, 0, 0, 0, 0, 0, 0),
	('Priest', 'Discipline', 0, 51484, 3797, 3627, 3546, 0, 3352, 0),
	('Priest', 'Discipline', 2, 51486, 3794, 3586, 0, 0, 2890, 0),
	('Priest', 'Discipline', 3, 52019, 0, 0, 0, 0, 0, 0),
	('Priest', 'Discipline', 4, 51482, 3245, 3546, 3586, 0, 3600, 0),
	('Priest', 'Discipline', 5, 51365, 0, 3586, 3736, 0, 2872, 3729),
	('Priest', 'Discipline', 6, 51485, 3853, 3561, 3586, 0, 2770, 0),
	('Priest', 'Discipline', 7, 51366, 3232, 3585, 0, 0, 2878, 0),
	('Priest', 'Discipline', 8, 51339, 2332, 3744, 0, 0, 0, 3717),
	('Priest', 'Discipline', 9, 51483, 3246, 3586, 3736, 0, 2890, 3723),
	('Priest', 'Discipline', 10, 50170, 0, 3586, 0, 0, 3752, 0),
	('Priest', 'Discipline', 11, 49967, 0, 3530, 0, 0, 3752, 0),
	('Priest', 'Discipline', 12, 50354, 0, 0, 0, 0, 0, 0),
	('Priest', 'Discipline', 13, 47059, 0, 0, 0, 0, 0, 0),
	('Priest', 'Discipline', 14, 51346, 3831, 0, 0, 0, 0, 0),
	('Priest', 'Discipline', 15, 51453, 3834, 3586, 0, 0, 3752, 0),
	('Priest', 'Discipline', 16, 51407, 0, 0, 0, 0, 0, 0),
	('Priest', 'Discipline', 17, 51451, 0, 0, 0, 0, 0, 0),
	('Priest', 'Discipline', 18, 45574, 0, 0, 0, 0, 0, 0),
	('Rogue', 'Subtlety', 1, 51353, 0, 0, 0, 0, 0, 0),
	('Rogue', 'Subtlety', 0, 51494, 3795, 3638, 3521, 0, 3314, 0),
	('Rogue', 'Subtlety', 2, 51496, 3793, 3521, 0, 0, 0, 0),
	('Rogue', 'Subtlety', 3, 49, 0, 0, 0, 0, 0, 0),
	('Rogue', 'Subtlety', 4, 51492, 3245, 3521, 3566, 0, 3600, 0),
	('Rogue', 'Subtlety', 5, 51925, 0, 3521, 3292, 3521, 0, 3729),
	('Rogue', 'Subtlety', 6, 51495, 3823, 3521, 3879, 0, 3355, 0),
	('Rogue', 'Subtlety', 7, 51369, 1597, 3566, 0, 0, 2878, 0),
	('Rogue', 'Subtlety', 8, 50333, 3845, 3521, 3292, 0, 0, 3717),
	('Rogue', 'Subtlety', 9, 51493, 1603, 3521, 3292, 0, 0, 3723),
	('Rogue', 'Subtlety', 10, 50186, 0, 3521, 0, 0, 2877, 0),
	('Rogue', 'Subtlety', 11, 51900, 0, 3566, 0, 0, 2936, 0),
	('Rogue', 'Subtlety', 12, 50362, 0, 0, 0, 0, 0, 0),
	('Rogue', 'Subtlety', 13, 47131, 0, 0, 0, 0, 0, 0),
	('Rogue', 'Subtlety', 14, 51356, 3256, 0, 0, 0, 0, 0),
	('Rogue', 'Subtlety', 15, 51517, 3789, 3521, 0, 0, 0, 0),
	('Rogue', 'Subtlety', 16, 51527, 3731, 3521, 0, 0, 0, 0),
	('Rogue', 'Subtlety', 17, 51880, 0, 3566, 0, 0, 2936, 0),
	('Rogue', 'Subtlety', 18, 43349, 0, 0, 0, 0, 0, 0);
/*!40000 ALTER TABLE `template_npc_human` ENABLE KEYS */;


# Dumping structure for table characters_kargath.template_npc_talents
DROP TABLE IF EXISTS `template_npc_talents`;
CREATE TABLE IF NOT EXISTS `template_npc_talents` (
  `playerClass` varchar(50) NOT NULL,
  `playerSpec` varchar(50) NOT NULL,
  `talentId` int(10) unsigned NOT NULL DEFAULT '0'
) ENGINE=InnoDB DEFAULT CHARSET=utf8 COMMENT='Templates';

# Dumping data for table characters_kargath.template_npc_talents: ~634 rows (approximately)
DELETE FROM `template_npc_talents`;
/*!40000 ALTER TABLE `template_npc_talents` DISABLE KEYS */;
INSERT INTO `template_npc_talents` (`playerClass`, `playerSpec`, `talentId`) VALUES
	('DeathKnight', 'Unholy', 49036),
	('DeathKnight', 'Unholy', 49039),
	('DeathKnight', 'Unholy', 49158),
	('DeathKnight', 'Unholy', 49194),
	('DeathKnight', 'Unholy', 49206),
	('DeathKnight', 'Unholy', 49222),
	('DeathKnight', 'Unholy', 49565),
	('DeathKnight', 'Unholy', 49568),
	('DeathKnight', 'Unholy', 49572),
	('DeathKnight', 'Unholy', 49589),
	('DeathKnight', 'Unholy', 49599),
	('DeathKnight', 'Unholy', 49611),
	('DeathKnight', 'Unholy', 49632),
	('DeathKnight', 'Unholy', 49638),
	('DeathKnight', 'Unholy', 49655),
	('DeathKnight', 'Unholy', 49657),
	('DeathKnight', 'Unholy', 49664),
	('DeathKnight', 'Unholy', 50121),
	('DeathKnight', 'Unholy', 50147),
	('DeathKnight', 'Unholy', 50392),
	('DeathKnight', 'Unholy', 50886),
	('DeathKnight', 'Unholy', 51052),
	('DeathKnight', 'Unholy', 51161),
	('DeathKnight', 'Unholy', 51456),
	('DeathKnight', 'Unholy', 51746),
	('DeathKnight', 'Unholy', 52143),
	('DeathKnight', 'Unholy', 55090),
	('DeathKnight', 'Unholy', 55237),
	('DeathKnight', 'Unholy', 55623),
	('DeathKnight', 'Unholy', 55667),
	('Shaman', 'Restoration', 974),
	('Shaman', 'Restoration', 16130),
	('Shaman', 'Restoration', 16188),
	('Shaman', 'Restoration', 16190),
	('Shaman', 'Restoration', 16198),
	('Shaman', 'Restoration', 16206),
	('Shaman', 'Restoration', 16213),
	('Shaman', 'Restoration', 16214),
	('Shaman', 'Restoration', 16229),
	('Shaman', 'Restoration', 16232),
	('Shaman', 'Restoration', 16235),
	('Shaman', 'Restoration', 16287),
	('Shaman', 'Restoration', 16293),
	('Shaman', 'Restoration', 17487),
	('Shaman', 'Restoration', 29191),
	('Shaman', 'Restoration', 29202),
	('Shaman', 'Restoration', 30866),
	('Shaman', 'Restoration', 30869),
	('Shaman', 'Restoration', 30886),
	('Shaman', 'Restoration', 43338),
	('Shaman', 'Restoration', 51555),
	('Shaman', 'Restoration', 51558),
	('Shaman', 'Restoration', 51561),
	('Shaman', 'Restoration', 51566),
	('Shaman', 'Restoration', 51881),
	('Shaman', 'Restoration', 51886),
	('Shaman', 'Restoration', 55198),
	('Shaman', 'Restoration', 61295),
	('Druid', 'Restoration', 5570),
	('Druid', 'Restoration', 16817),
	('Druid', 'Restoration', 16820),
	('Druid', 'Restoration', 16835),
	('Druid', 'Restoration', 16847),
	('Druid', 'Restoration', 16864),
	('Druid', 'Restoration', 16924),
	('Druid', 'Restoration', 17051),
	('Druid', 'Restoration', 17066),
	('Druid', 'Restoration', 17075),
	('Druid', 'Restoration', 17108),
	('Druid', 'Restoration', 17113),
	('Druid', 'Restoration', 17116),
	('Druid', 'Restoration', 17120),
	('Druid', 'Restoration', 18562),
	('Druid', 'Restoration', 24946),
	('Druid', 'Restoration', 33880),
	('Druid', 'Restoration', 33883),
	('Druid', 'Restoration', 33890),
	('Druid', 'Restoration', 34153),
	('Druid', 'Restoration', 35364),
	('Druid', 'Restoration', 48412),
	('Druid', 'Restoration', 48536),
	('Druid', 'Restoration', 51181),
	('Druid', 'Restoration', 57814),
	('Druid', 'Restoration', 57865),
	('Druid', 'Restoration', 63411),
	('Druid', 'Restoration', 65139),
	('Hunter', 'Marksmanship', 19287),
	('Hunter', 'Marksmanship', 19388),
	('Hunter', 'Marksmanship', 19431),
	('Hunter', 'Marksmanship', 19434),
	('Hunter', 'Marksmanship', 19466),
	('Hunter', 'Marksmanship', 19490),
	('Hunter', 'Marksmanship', 19500),
	('Hunter', 'Marksmanship', 19503),
	('Hunter', 'Marksmanship', 19506),
	('Hunter', 'Marksmanship', 19509),
	('Hunter', 'Marksmanship', 23989),
	('Hunter', 'Marksmanship', 24283),
	('Hunter', 'Marksmanship', 24691),
	('Hunter', 'Marksmanship', 34476),
	('Hunter', 'Marksmanship', 34484),
	('Hunter', 'Marksmanship', 34489),
	('Hunter', 'Marksmanship', 34490),
	('Hunter', 'Marksmanship', 34496),
	('Hunter', 'Marksmanship', 35102),
	('Hunter', 'Marksmanship', 52788),
	('Hunter', 'Marksmanship', 53209),
	('Hunter', 'Marksmanship', 53217),
	('Hunter', 'Marksmanship', 53232),
	('Hunter', 'Marksmanship', 53238),
	('Hunter', 'Marksmanship', 53246),
	('Hunter', 'Marksmanship', 53622),
	('Warrior', 'Arms', 12294),
	('Warrior', 'Arms', 12323),
	('Warrior', 'Arms', 12328),
	('Warrior', 'Arms', 12658),
	('Warrior', 'Arms', 12677),
	('Warrior', 'Arms', 12712),
	('Warrior', 'Arms', 12785),
	('Warrior', 'Arms', 12835),
	('Warrior', 'Arms', 12856),
	('Warrior', 'Arms', 12867),
	('Warrior', 'Arms', 12960),
	('Warrior', 'Arms', 12963),
	('Warrior', 'Arms', 16464),
	('Warrior', 'Arms', 16492),
	('Warrior', 'Arms', 16494),
	('Warrior', 'Arms', 20505),
	('Warrior', 'Arms', 29623),
	('Warrior', 'Arms', 29724),
	('Warrior', 'Arms', 29838),
	('Warrior', 'Arms', 29859),
	('Warrior', 'Arms', 35449),
	('Warrior', 'Arms', 46855),
	('Warrior', 'Arms', 46860),
	('Warrior', 'Arms', 46866),
	('Warrior', 'Arms', 46924),
	('Warrior', 'Arms', 56614),
	('Warrior', 'Arms', 56638),
	('Warrior', 'Arms', 61222),
	('Warrior', 'Arms', 64976),
	('Paladin', 'Retribution', 9452),
	('Paladin', 'Retribution', 20045),
	('Paladin', 'Retribution', 20057),
	('Paladin', 'Retribution', 20066),
	('Paladin', 'Retribution', 20105),
	('Paladin', 'Retribution', 20113),
	('Paladin', 'Retribution', 20121),
	('Paladin', 'Retribution', 20175),
	('Paladin', 'Retribution', 20266),
	('Paladin', 'Retribution', 20332),
	('Paladin', 'Retribution', 20336),
	('Paladin', 'Retribution', 25957),
	('Paladin', 'Retribution', 25988),
	('Paladin', 'Retribution', 26023),
	('Paladin', 'Retribution', 31868),
	('Paladin', 'Retribution', 31869),
	('Paladin', 'Retribution', 31872),
	('Paladin', 'Retribution', 31878),
	('Paladin', 'Retribution', 31881),
	('Paladin', 'Retribution', 35395),
	('Paladin', 'Retribution', 35397),
	('Paladin', 'Retribution', 53376),
	('Paladin', 'Retribution', 53382),
	('Paladin', 'Retribution', 53385),
	('Paladin', 'Retribution', 53488),
	('Paladin', 'Retribution', 53503),
	('Paladin', 'Retribution', 53519),
	('Paladin', 'Retribution', 64205),
	('Warlock', 'Destruction', 17792),
	('Warlock', 'Destruction', 17834),
	('Warlock', 'Destruction', 17877),
	('Warlock', 'Destruction', 17918),
	('Warlock', 'Destruction', 17958),
	('Warlock', 'Destruction', 17962),
	('Warlock', 'Destruction', 18120),
	('Warlock', 'Destruction', 18130),
	('Warlock', 'Destruction', 18136),
	('Warlock', 'Destruction', 18699),
	('Warlock', 'Destruction', 18704),
	('Warlock', 'Destruction', 18708),
	('Warlock', 'Destruction', 18710),
	('Warlock', 'Destruction', 18744),
	('Warlock', 'Destruction', 18756),
	('Warlock', 'Destruction', 19028),
	('Warlock', 'Destruction', 30145),
	('Warlock', 'Destruction', 30283),
	('Warlock', 'Destruction', 30292),
	('Warlock', 'Destruction', 30302),
	('Warlock', 'Destruction', 34939),
	('Warlock', 'Destruction', 47231),
	('Warlock', 'Destruction', 47260),
	('Warlock', 'Destruction', 47270),
	('Warlock', 'Destruction', 50796),
	('Warlock', 'Destruction', 59741),
	('Warlock', 'Destruction', 63351),
	('Rogue', 'Assassination', 1329),
	('Rogue', 'Assassination', 13848),
	('Rogue', 'Assassination', 13866),
	('Rogue', 'Assassination', 13971),
	('Rogue', 'Assassination', 13980),
	('Rogue', 'Assassination', 14066),
	('Rogue', 'Assassination', 14072),
	('Rogue', 'Assassination', 14083),
	('Rogue', 'Assassination', 14094),
	('Rogue', 'Assassination', 14116),
	('Rogue', 'Assassination', 14135),
	('Rogue', 'Assassination', 14142),
	('Rogue', 'Assassination', 14159),
	('Rogue', 'Assassination', 14161),
	('Rogue', 'Assassination', 14173),
	('Rogue', 'Assassination', 14177),
	('Rogue', 'Assassination', 14185),
	('Rogue', 'Assassination', 14195),
	('Rogue', 'Assassination', 14983),
	('Rogue', 'Assassination', 16515),
	('Rogue', 'Assassination', 30895),
	('Rogue', 'Assassination', 31209),
	('Rogue', 'Assassination', 31245),
	('Rogue', 'Assassination', 51626),
	('Rogue', 'Assassination', 51636),
	('Rogue', 'Assassination', 58410),
	('Rogue', 'Assassination', 58425),
	('Rogue', 'Assassination', 58426),
	('Druid', 'Feral', 16835),
	('Druid', 'Feral', 16862),
	('Druid', 'Feral', 16864),
	('Druid', 'Feral', 16936),
	('Druid', 'Feral', 16941),
	('Druid', 'Feral', 16944),
	('Druid', 'Feral', 16968),
	('Druid', 'Feral', 16975),
	('Druid', 'Feral', 16999),
	('Druid', 'Feral', 17007),
	('Druid', 'Feral', 17061),
	('Druid', 'Feral', 17073),
	('Druid', 'Feral', 24866),
	('Druid', 'Feral', 24894),
	('Druid', 'Feral', 33852),
	('Druid', 'Feral', 33856),
	('Druid', 'Feral', 33866),
	('Druid', 'Feral', 33873),
	('Druid', 'Feral', 33917),
	('Druid', 'Feral', 34300),
	('Druid', 'Feral', 37117),
	('Druid', 'Feral', 48485),
	('Druid', 'Feral', 48495),
	('Druid', 'Feral', 49377),
	('Druid', 'Feral', 50334),
	('Druid', 'Feral', 51269),
	('Druid', 'Feral', 61336),
	('Druid', 'Feral', 63503),
	('Warrior', 'Protection', 12664),
	('Warrior', 'Protection', 12697),
	('Warrior', 'Protection', 12727),
	('Warrior', 'Protection', 12799),
	('Warrior', 'Protection', 12804),
	('Warrior', 'Protection', 12809),
	('Warrior', 'Protection', 12811),
	('Warrior', 'Protection', 12818),
	('Warrior', 'Protection', 12852),
	('Warrior', 'Protection', 12867),
	('Warrior', 'Protection', 12958),
	('Warrior', 'Protection', 12960),
	('Warrior', 'Protection', 12975),
	('Warrior', 'Protection', 16463),
	('Warrior', 'Protection', 16494),
	('Warrior', 'Protection', 16542),
	('Warrior', 'Protection', 20243),
	('Warrior', 'Protection', 29144),
	('Warrior', 'Protection', 29594),
	('Warrior', 'Protection', 29599),
	('Warrior', 'Protection', 29792),
	('Warrior', 'Protection', 46949),
	('Warrior', 'Protection', 46953),
	('Warrior', 'Protection', 46968),
	('Warrior', 'Protection', 47296),
	('Warrior', 'Protection', 50687),
	('Warrior', 'Protection', 57499),
	('Warrior', 'Protection', 58874),
	('Warrior', 'Protection', 59089),
	('Warrior', 'Protection', 61222),
	('Warlock', 'Affliction', 17785),
	('Warlock', 'Affliction', 17805),
	('Warlock', 'Affliction', 17814),
	('Warlock', 'Affliction', 18095),
	('Warlock', 'Affliction', 18176),
	('Warlock', 'Affliction', 18219),
	('Warlock', 'Affliction', 18223),
	('Warlock', 'Affliction', 18275),
	('Warlock', 'Affliction', 18288),
	('Warlock', 'Affliction', 18699),
	('Warlock', 'Affliction', 18704),
	('Warlock', 'Affliction', 18708),
	('Warlock', 'Affliction', 18710),
	('Warlock', 'Affliction', 18744),
	('Warlock', 'Affliction', 19028),
	('Warlock', 'Affliction', 30057),
	('Warlock', 'Affliction', 30064),
	('Warlock', 'Affliction', 30108),
	('Warlock', 'Affliction', 30145),
	('Warlock', 'Affliction', 32383),
	('Warlock', 'Affliction', 32392),
	('Warlock', 'Affliction', 32484),
	('Warlock', 'Affliction', 47197),
	('Warlock', 'Affliction', 47205),
	('Warlock', 'Affliction', 47231),
	('Warlock', 'Affliction', 48181),
	('Warlock', 'Affliction', 53759),
	('Warlock', 'Affliction', 58435),
	('Warlock', 'Affliction', 63108),
	('Shaman', 'Elemental', 16041),
	('Shaman', 'Elemental', 16108),
	('Shaman', 'Elemental', 16116),
	('Shaman', 'Elemental', 16130),
	('Shaman', 'Elemental', 16161),
	('Shaman', 'Elemental', 16164),
	('Shaman', 'Elemental', 16166),
	('Shaman', 'Elemental', 16287),
	('Shaman', 'Elemental', 16293),
	('Shaman', 'Elemental', 16582),
	('Shaman', 'Elemental', 17489),
	('Shaman', 'Elemental', 28998),
	('Shaman', 'Elemental', 29000),
	('Shaman', 'Elemental', 29065),
	('Shaman', 'Elemental', 30666),
	('Shaman', 'Elemental', 30679),
	('Shaman', 'Elemental', 30706),
	('Shaman', 'Elemental', 51470),
	('Shaman', 'Elemental', 51479),
	('Shaman', 'Elemental', 51482),
	('Shaman', 'Elemental', 51486),
	('Shaman', 'Elemental', 51490),
	('Shaman', 'Elemental', 60188),
	('Shaman', 'Elemental', 62101),
	('Shaman', 'Elemental', 63372),
	('Druid', 'Ballance', 5570),
	('Druid', 'Ballance', 16818),
	('Druid', 'Ballance', 16820),
	('Druid', 'Ballance', 16835),
	('Druid', 'Ballance', 16840),
	('Druid', 'Ballance', 16847),
	('Druid', 'Ballance', 16864),
	('Druid', 'Ballance', 16899),
	('Druid', 'Ballance', 16913),
	('Druid', 'Ballance', 17051),
	('Druid', 'Ballance', 17066),
	('Druid', 'Ballance', 17120),
	('Druid', 'Ballance', 24858),
	('Druid', 'Ballance', 33591),
	('Druid', 'Ballance', 33596),
	('Druid', 'Ballance', 33607),
	('Druid', 'Ballance', 33831),
	('Druid', 'Ballance', 33956),
	('Druid', 'Ballance', 35364),
	('Druid', 'Ballance', 48389),
	('Druid', 'Ballance', 48396),
	('Druid', 'Ballance', 48412),
	('Druid', 'Ballance', 48505),
	('Druid', 'Ballance', 48511),
	('Druid', 'Ballance', 48514),
	('Druid', 'Ballance', 48525),
	('Druid', 'Ballance', 50516),
	('Druid', 'Ballance', 57865),
	('Druid', 'Ballance', 61346),
	('Mage', 'Frost', 11426),
	('Mage', 'Frost', 11958),
	('Mage', 'Frost', 12467),
	('Mage', 'Frost', 12472),
	('Mage', 'Frost', 12497),
	('Mage', 'Frost', 12571),
	('Mage', 'Frost', 12575),
	('Mage', 'Frost', 12592),
	('Mage', 'Frost', 12598),
	('Mage', 'Frost', 12606),
	('Mage', 'Frost', 12840),
	('Mage', 'Frost', 12952),
	('Mage', 'Frost', 12983),
	('Mage', 'Frost', 15047),
	('Mage', 'Frost', 16758),
	('Mage', 'Frost', 16766),
	('Mage', 'Frost', 28332),
	('Mage', 'Frost', 28593),
	('Mage', 'Frost', 29444),
	('Mage', 'Frost', 31683),
	('Mage', 'Frost', 31687),
	('Mage', 'Frost', 44545),
	('Mage', 'Frost', 44549),
	('Mage', 'Frost', 44557),
	('Mage', 'Frost', 44571),
	('Mage', 'Frost', 44572),
	('Mage', 'Frost', 54646),
	('Mage', 'Frost', 54787),
	('Mage', 'Frost', 55092),
	('Mage', 'Frost', 55094),
	('Mage', 'Frost', 55340),
	('Shaman', 'Enhancement', 16108),
	('Shaman', 'Enhancement', 16116),
	('Shaman', 'Enhancement', 16130),
	('Shaman', 'Enhancement', 16268),
	('Shaman', 'Enhancement', 16284),
	('Shaman', 'Enhancement', 16287),
	('Shaman', 'Enhancement', 16305),
	('Shaman', 'Enhancement', 17364),
	('Shaman', 'Enhancement', 17487),
	('Shaman', 'Enhancement', 28998),
	('Shaman', 'Enhancement', 29080),
	('Shaman', 'Enhancement', 29086),
	('Shaman', 'Enhancement', 29180),
	('Shaman', 'Enhancement', 30798),
	('Shaman', 'Enhancement', 30809),
	('Shaman', 'Enhancement', 30814),
	('Shaman', 'Enhancement', 30823),
	('Shaman', 'Enhancement', 51522),
	('Shaman', 'Enhancement', 51524),
	('Shaman', 'Enhancement', 51527),
	('Shaman', 'Enhancement', 51532),
	('Shaman', 'Enhancement', 51533),
	('Shaman', 'Enhancement', 51881),
	('Shaman', 'Enhancement', 51885),
	('Shaman', 'Enhancement', 60103),
	('Shaman', 'Enhancement', 63374),
	('Priest', 'Shadow', 14751),
	('Priest', 'Shadow', 14769),
	('Priest', 'Shadow', 14771),
	('Priest', 'Shadow', 14777),
	('Priest', 'Shadow', 14785),
	('Priest', 'Shadow', 14791),
	('Priest', 'Shadow', 15012),
	('Priest', 'Shadow', 15286),
	('Priest', 'Shadow', 15310),
	('Priest', 'Shadow', 15311),
	('Priest', 'Shadow', 15312),
	('Priest', 'Shadow', 15317),
	('Priest', 'Shadow', 15320),
	('Priest', 'Shadow', 15328),
	('Priest', 'Shadow', 15332),
	('Priest', 'Shadow', 15407),
	('Priest', 'Shadow', 15448),
	('Priest', 'Shadow', 15473),
	('Priest', 'Shadow', 15487),
	('Priest', 'Shadow', 17323),
	('Priest', 'Shadow', 27840),
	('Priest', 'Shadow', 33193),
	('Priest', 'Shadow', 33371),
	('Priest', 'Shadow', 34914),
	('Priest', 'Shadow', 47570),
	('Priest', 'Shadow', 47582),
	('Priest', 'Shadow', 47585),
	('Priest', 'Shadow', 51167),
	('Priest', 'Shadow', 63627),
	('Priest', 'Shadow', 64044),
	('Priest', 'Discipline', 10060),
	('Priest', 'Discipline', 14751),
	('Priest', 'Discipline', 14769),
	('Priest', 'Discipline', 14771),
	('Priest', 'Discipline', 14772),
	('Priest', 'Discipline', 14777),
	('Priest', 'Discipline', 14781),
	('Priest', 'Discipline', 14785),
	('Priest', 'Discipline', 14791),
	('Priest', 'Discipline', 15009),
	('Priest', 'Discipline', 15012),
	('Priest', 'Discipline', 15363),
	('Priest', 'Discipline', 18535),
	('Priest', 'Discipline', 18555),
	('Priest', 'Discipline', 19236),
	('Priest', 'Discipline', 33171),
	('Priest', 'Discipline', 33190),
	('Priest', 'Discipline', 33206),
	('Priest', 'Discipline', 34910),
	('Priest', 'Discipline', 45244),
	('Priest', 'Discipline', 47508),
	('Priest', 'Discipline', 47511),
	('Priest', 'Discipline', 47517),
	('Priest', 'Discipline', 47537),
	('Priest', 'Discipline', 47540),
	('Priest', 'Discipline', 52800),
	('Priest', 'Discipline', 57470),
	('Priest', 'Discipline', 63574),
	('Rogue', 'Subtlety', 13866),
	('Rogue', 'Subtlety', 13792),
	('Rogue', 'Subtlety', 13971),
	('Rogue', 'Subtlety', 14063),
	('Rogue', 'Subtlety', 14066),
	('Rogue', 'Subtlety', 14072),
	('Rogue', 'Subtlety', 14080),
	('Rogue', 'Subtlety', 14083),
	('Rogue', 'Subtlety', 14094),
	('Rogue', 'Subtlety', 14142),
	('Rogue', 'Subtlety', 14164),
	('Rogue', 'Subtlety', 14173),
	('Rogue', 'Subtlety', 14183),
	('Rogue', 'Subtlety', 14185),
	('Rogue', 'Subtlety', 14983),
	('Rogue', 'Subtlety', 16511),
	('Rogue', 'Subtlety', 30895),
	('Rogue', 'Subtlety', 30906),
	('Rogue', 'Subtlety', 31220),
	('Rogue', 'Subtlety', 31223),
	('Rogue', 'Subtlety', 31230),
	('Rogue', 'Subtlety', 36554),
	('Rogue', 'Subtlety', 51696),
	('Rogue', 'Subtlety', 51712),
	('Rogue', 'Subtlety', 51713),
	('Rogue', 'Subtlety', 58415),
	('Rogue', 'Subtlety', 58425);
/*!40000 ALTER TABLE `template_npc_talents` ENABLE KEYS */;


# Dumping structure for table characters_kargath.warden_action
DROP TABLE IF EXISTS `warden_action`;
CREATE TABLE IF NOT EXISTS `warden_action` (
  `wardenId` smallint(5) unsigned NOT NULL,
  `action` tinyint(3) unsigned DEFAULT NULL,
  PRIMARY KEY (`wardenId`)
) ENGINE=InnoDB DEFAULT CHARSET=utf8;

# Dumping data for table characters_kargath.warden_action: ~0 rows (approximately)
DELETE FROM `warden_action`;
/*!40000 ALTER TABLE `warden_action` DISABLE KEYS */;
/*!40000 ALTER TABLE `warden_action` ENABLE KEYS */;


# Dumping structure for table characters_kargath.worldstates
DROP TABLE IF EXISTS `worldstates`;
CREATE TABLE IF NOT EXISTS `worldstates` (
  `entry` int(10) unsigned NOT NULL DEFAULT '0',
  `value` int(10) unsigned NOT NULL DEFAULT '0',
  `comment` tinytext,
  PRIMARY KEY (`entry`)
) ENGINE=InnoDB DEFAULT CHARSET=utf8 COMMENT='Variable Saves';

# Dumping data for table characters_kargath.worldstates: ~4 rows (approximately)
DELETE FROM `worldstates`;
/*!40000 ALTER TABLE `worldstates` DISABLE KEYS */;
INSERT INTO `worldstates` (`entry`, `value`, `comment`) VALUES
	(20001, 1428939772, 'NextArenaPointDistributionTime'),
	(20002, 1429301436, 'NextWeeklyQuestResetTime'),
	(20003, 1428894000, 'NextBGRandomDailyResetTime'),
	(20004, 0, 'cleaning_flags');
/*!40000 ALTER TABLE `worldstates` ENABLE KEYS */;
/*!40101 SET SQL_MODE=@OLD_SQL_MODE */;
/*!40014 SET FOREIGN_KEY_CHECKS=@OLD_FOREIGN_KEY_CHECKS */;
/*!40101 SET CHARACTER_SET_CLIENT=@OLD_CHARACTER_SET_CLIENT */;
